codproducto,descripcion,unidad,indipaquete,formulado,vventa,vcosto,viva,codigo_inv,cajas,complementa,excedente,descri,cubierto,indiventa,tiempo_elab,nombre_inv,propina,pvariable,comanda,ivaincluido,validacombi,detalle,numcombinacion,pordefecto,codacompanamiento,acompanamiento,codigoagrupacion,agrupacion,codigoclasificacion,nombreclasificacion,nombreagrupacionproducto,codigogrupopadre,codigogrupo,nombregrupopadre,nombregrupo,porcservicio,valorbase,codtipoplato,descripciontipoplato,cuenta_vta,cuenta_iva,cuentaservicio,,
700031,ACEITUNAS,P,N,,2000,2900.16,0,20701,COMEDO,N,N,ACOMPA헤MIENTOS Y/O ADICIONALES,S,S,0,,S,FALSO,S,N,N,,,,,,,,01,RESTAURANTES,ACOMPA헤MIENTOS Y/O ADICIONALES,A,AOA,ALIMENTOS,ACOMPA헤MIENTOS Y/O ADICIONALS,8,1851.85,02,PLATO FUERTE,,,,,
700025,ADICION PI헤,P,N,,2500,1575.83,0,31804,COMEDO,N,N,ACOMPA헤MIENTOS Y/O ADICIONALES,S,S,0,,S,FALSO,S,N,N,,,,,,,,01,RESTAURANTES,ACOMPA헤MIENTOS Y/O ADICIONALES,A,AOA,ALIMENTOS,ACOMPA헤MIENTOS Y/O ADICIONALS,8,2314.81,02,PLATO FUERTE,,,,,
700013,ADICIONAL DE JAMON,P,N,,2000,657.57,0,21366,COMEDO,N,N,ACOMPA헤MIENTOS Y/O ADICIONALES,N,S,0,,S,FALSO,S,N,N,,,,,,,,01,RESTAURANTES,ACOMPA헤MIENTOS Y/O ADICIONALES,A,AOA,ALIMENTOS,ACOMPA헤MIENTOS Y/O ADICIONALS,8,1851.85,02,PLATO FUERTE,,,24090101,,
700017,ADICIONAL DE PEPPERONI,P,N,,8000,5904.8,0,20694,COMEDO,N,N,ACOMPA헤MIENTOS Y/O ADICIONALES,S,S,0,,S,FALSO,S,N,N,,,,,,,,01,RESTAURANTES,ACOMPA헤MIENTOS Y/O ADICIONALES,A,AOA,ALIMENTOS,ACOMPA헤MIENTOS Y/O ADICIONALS,8,7407.41,02,PLATO FUERTE,,,,,
700019,ADICIONAL DE POLLO,P,N,,8000,4481.28,0,20692,COMEDO,N,N,ACOMPA헤MIENTOS Y/O ADICIONALES,S,S,0,,S,VERDADERO,S,N,N,,,,,,,,01,RESTAURANTES,ACOMPA헤MIENTOS Y/O ADICIONALES,A,AOA,ALIMENTOS,ACOMPA헤MIENTOS Y/O ADICIONALS,8,7407.41,02,PLATO FUERTE,,,24090101,,
701014,ADICIONAL DE SUERO,P,N,,2000,1143.75,0,62517,COMEDO,N,N,ACOMPA헤MIENTOS Y/O ADICIONALES,N,S,0,,N,FALSO,S,N,N,,,,,,,,01,RESTAURANTES,ACOMPA헤MIENTOS Y/O ADICIONALES,A,AOA,ALIMENTOS,ACOMPA헤MIENTOS Y/O ADICIONALS,8,1851.85,02,PLATO FUERTE,,,,,
700011,ADICIONAL DE TOCINETA,P,N,,4000,2165.21,0,42110,COMEDO,N,N,ACOMPA헤MIENTOS Y/O ADICIONALES,S,S,0,,S,FALSO,S,N,N,,,,,,,,01,RESTAURANTES,ACOMPA헤MIENTOS Y/O ADICIONALES,A,AOA,ALIMENTOS,ACOMPA헤MIENTOS Y/O ADICIONALS,8,3703.7,02,PLATO FUERTE,,,,,
700248,AGUA BOTELLA PLASTICA,B,N,,4000,1946.97,0,470,COMEDO,N,N,BEBIDAS NO ALCOHOLICAS,S,S,0,,N,FALSO,S,N,N,,,,,,,,02,BARES,BEBIDAS NO ALCOHOLICAS,B,AYG,BEBIDAS,AGUAS Y GASEOSAS,8,3703.7,04,BEBIDAS,,,24090101,,
700946,AGUA SABORIZADA 280 ML,B,N,,3000,977.3,0,62532,COMEDO,N,N,BEBIDAS NO ALCOHOLICAS,N,S,0,,S,FALSO,S,N,N,,,,,,,,02,BARES,BEBIDAS NO ALCOHOLICAS,B,AYG,BEBIDAS,AGUAS Y GASEOSAS,8,2777.78,04,BEBIDAS,,,,,
700346,AGUA TONICA,B,N,,3000,1691.96,0,21003,COMEDO,N,N,BEBIDAS NO ALCOHOLICAS,S,S,0,,S,VERDADERO,S,N,N,,,,,,,,02,BARES,BEBIDAS NO ALCOHOLICAS,B,AYG,BEBIDAS,AGUAS Y GASEOSAS,8,2777.78,04,BEBIDAS,,,,,
700142,AGUA TONICA OCEAN,B,N,,8000,3781.5,0,73020,COMEDO,N,N,BEBIDAS NO ALCOHOLICAS,S,S,0,,S,FALSO,S,N,N,,,,,,,,02,BARES,BEBIDAS NO ALCOHOLICAS,B,AYG,BEBIDAS,AGUAS Y GASEOSAS,8,7407.41,04,BEBIDAS,,,,,
700274,AGUARDIENTE TAPA AZUL 375ML,B,N,,50000,21124.31,0,31581,COMEDO,N,N,AGUARDIENTES,S,S,0,,S,VERDADERO,S,N,N,,,,,,,,02,BARES,AGUARDIENTES,B,AGU,BEBIDAS,AGUARDIENTES,8,46296.3,04,BEBIDAS,,,,,
700848,AGUARDIENTE TAPA AZUL 750ML,B,N,,90000,39023.36,0,31650,COMEDO,N,N,AGUARDIENTES,N,S,0,,N,FALSO,S,N,N,,,,,,,,02,BARES,AGUARDIENTES,B,AGU,BEBIDAS,AGUARDIENTES,8,83333.33,04,BEBIDAS,,,,,
700847,AGUARDIENTE TAPA ROJA 375 ML,B,N,,50000,17003.92,0,376,COMEDO,N,N,AGUARDIENTES,N,S,0,,S,FALSO,S,N,N,,,,,,,,02,BARES,AGUARDIENTES,B,AGU,BEBIDAS,AGUARDIENTES,8,46296.3,04,BEBIDAS,,,,,
700264,AGUARDIENTE TAPA ROJA 750 ML,B,N,,90000,39023.36,0,31650,COMEDO,N,N,AGUARDIENTES,N,S,0,,N,FALSO,S,N,N,,,,,,,,02,BARES,AGUARDIENTES,B,AGU,BEBIDAS,AGUARDIENTES,8,83333.33,04,BEBIDAS,,,,,
701073,AGUARDIENTE TAPA VERDE 375,B,N,,50000,21351,0,73227,COMEDO,N,N,AGUARDIENTES,N,S,0,,S,FALSO,S,N,N,,,,,,,,02,BARES,AGUARDIENTES,B,AGU,BEBIDAS,AGUARDIENTES,8,46296.3,04,BEBIDAS,,,,,
701074,AGUARDIENTE TAPA VERDE 750ML,B,N,,90000,34479.75,0,73228,COMEDO,N,N,AGUARDIENTES,N,S,0,,N,FALSO,S,N,N,,,,,,,,02,BARES,AGUARDIENTES,B,AGU,BEBIDAS,AGUARDIENTES,8,83333.33,04,BEBIDAS,,,,,
700211,AGUILA LIGTH BOTELLA,B,N,,7000,2255.1,0,359,COMEDO,N,N,CERVEZA NACIONAL,S,S,0,,S,VERDADERO,S,N,N,,,,,,,,02,BARES,CERVEZA NACIONAL,B,CV,BEBIDAS,CERVEZA NACIONAL,8,6481.48,04,BEBIDAS,,,24090101,,
700216,AGUILA LIGTH LATA,B,N,,7000,1700,0,359,COMEDO,N,N,CERVEZA NACIONAL,S,S,0,,S,FALSO,S,N,N,,,,,,,,02,BARES,CERVEZA NACIONAL,B,CV,BEBIDAS,CERVEZA NACIONAL,8,6481.48,04,BEBIDAS,,,24090101,,
700210,AGUILA ORIGINAL LATA X 330ML,B,N,,7000,2263.78,0,363,COMEDO,N,N,CERVEZA NACIONAL,S,S,0,,S,FALSO,S,N,N,,,,,,,,02,BARES,CERVEZA NACIONAL,B,CV,BEBIDAS,CERVEZA NACIONAL,8,6481.48,04,BEBIDAS,,,24090101,,
AP0015,ALM.PERSONAL CARNE MOLIDA,U,N,,6000,3965.44,0,72830,COMEDO,N,N,OTROS,N,S,0,,N,FALSO,S,N,N,,,,,,,,01,RESTAURANTES,OTROS,A,APE,ALIMENTOS,ALMUERZO PERSONAL,0,6000,02,PLATO FUERTE,,,,,
AP0013,ALM.SANCOCHO DE COSTILLA,U,N,,6500,3516.37,0,72899,COMEDO,N,N,OTROS,N,S,0,,N,FALSO,S,N,N,,,,,,,,01,RESTAURANTES,OTROS,A,APE,ALIMENTOS,ALMUERZO PERSONAL,0,6500,02,PLATO FUERTE,,,,,
AP0014,ALMZ PANZA GUISADA,U,N,,5800,5985.71,0,72809,COMEDO,N,N,OTROS,N,S,0,,N,FALSO,S,N,N,,,,,,,,01,RESTAURANTES,OTROS,A,APE,ALIMENTOS,ALMUERZO PERSONAL,0,5800,02,PLATO FUERTE,,,,,
AP0017,ALMZ PERS.CERDO ALA PLANCHA,U,N,,5500,4972.52,0,72875,COMEDO,N,N,OTROS,N,S,0,,N,FALSO,S,N,N,,,,,,,,01,RESTAURANTES,OTROS,A,APE,ALIMENTOS,ALMUERZO PERSONAL,0,5500,02,PLATO FUERTE,,,,,
AP0019,ALMZ PERSONAL CARNE GOULASH,U,N,,6000,4798.85,0,72888,COMEDO,N,N,OTROS,N,S,0,,N,FALSO,S,N,N,,,,,,,,01,RESTAURANTES,OTROS,A,APE,ALIMENTOS,ALMUERZO PERSONAL,0,6000,02,PLATO FUERTE,,,,,
AP0018,ALMZ PERSONAL FRIJOLADA TOCINO,U,N,,5000,5975.53,0,72884,COMEDO,N,N,OTROS,N,S,0,,N,FALSO,S,N,N,,,,,,,,01,RESTAURANTES,OTROS,A,APE,ALIMENTOS,ALMUERZO PERSONAL,0,5000,02,PLATO FUERTE,,,,,
AP0002,ALMZ. ESTOFADO DE RES,U,N,,4800,6828.97,0,72742,COMEDO,N,N,OTROS,N,S,0,,N,FALSO,S,N,N,,,,,,,,01,RESTAURANTES,OTROS,A,APE,ALIMENTOS,ALMUERZO PERSONAL,0,4800,02,PLATO FUERTE,,,,,
700969,AMERICANO,V,N,,3000,609,0,73132,COMEDO,N,N,JUGOS,N,S,0,,S,FALSO,S,N,N,,,,,,,,02,BARES,JUGOS,B,JUG,BEBIDAS,JUGOS,8,2777.78,04,BEBIDAS,,,,,
700272,APERITIVO JP CHENET LATA ROSADO,U,N,,12000,8312.2,0,422,COMEDO,N,N,VINOS ESPUMOSOS,S,S,0,,S,VERDADERO,S,N,N,,,,,,,,02,BARES,VINOS ESPUMOSOS,B,V,BEBIDAS,VINOS,8,11111.11,04,BEBIDAS,,,,,
700140,APERITIVO JP ICE BLANCO LATA,B,N,,20000,9068.16,0,73104,COMEDO,N,N,VINOS BLANCOS,S,S,0,,S,FALSO,S,N,N,,,,,,,,02,BARES,VINOS BLANCOS,B,V,BEBIDAS,VINOS,8,18518.52,04,BEBIDAS,,,,,
700032,ARROZ BLANCO,P,N,,3000,842.78,0,691,COMEDO,N,N,ACOMPA헤MIENTOS Y/O ADICIONALES,S,S,0,,S,VERDADERO,S,N,N,,,,,,,,01,RESTAURANTES,ACOMPA헤MIENTOS Y/O ADICIONALES,A,AOA,ALIMENTOS,ACOMPA헤MIENTOS Y/O ADICIONALS,8,2777.78,02,PLATO FUERTE,,,24090101,,
700000,ARROZ CLUB FAMILIAR,P,N,,56000,32732.48,0,577,COMEDO,N,N,ARROCES,N,S,0,,S,FALSO,S,N,N,,,,,,,,01,RESTAURANTES,ARROCES,A,ARR,ALIMENTOS,ARROCES,8,51851.85,02,PLATO FUERTE,,,24090101,,
700501,ARROZ CLUB PERSONAL,P,N,,40000,16883.45,0,62534,COMEDO,N,N,ARROCES,S,S,0,,S,FALSO,S,N,N,,,,,,,,01,RESTAURANTES,ARROCES,A,ARR,ALIMENTOS,ARROCES,8,37037.04,02,PLATO FUERTE,,,,,
700060,ARROZ CON CAMARONES,P,N,,40000,16374.93,0,600,COMEDO,N,N,ARROCES,S,S,0,,S,FALSO,S,N,N,,,,,,,,01,RESTAURANTES,ARROCES,A,ARR,ALIMENTOS,ARROCES,8,37037.04,02,PLATO FUERTE,,,,,
700033,ARROZ CON COCO,P,N,,5000,1918.54,0,690,COMEDO,N,N,ACOMPA헤MIENTOS Y/O ADICIONALES,S,S,0,,S,VERDADERO,S,N,N,,,,,,,,01,RESTAURANTES,ACOMPA헤MIENTOS Y/O ADICIONALES,A,AOA,ALIMENTOS,ACOMPA헤MIENTOS Y/O ADICIONALS,8,4629.63,02,PLATO FUERTE,,,24090101,,
700061,ARROZ CON MARISCOS,P,N,,50000,26333.07,0,601,COMEDO,N,N,ARROCES,S,S,0,,S,FALSO,S,N,N,,,,,,,,01,RESTAURANTES,ARROCES,A,ARR,ALIMENTOS,ARROCES,8,46296.3,02,PLATO FUERTE,,,24090101,,
700309,ARROZ CON POLLO ESPECIAL,P,N,,40000,19236.2,0,596,COMEDO,N,N,ARROCES,S,S,0,,S,FALSO,S,N,N,,,,,,,,01,RESTAURANTES,ARROCES,A,ARR,ALIMENTOS,ARROCES,8,37037.04,02,PLATO FUERTE,,,,,
700058,ARROZ THAI,P,N,,45000,22495.77,0,604,COMEDO,N,N,ARROCES,S,S,0,,S,FALSO,S,N,N,,,,,,,,01,RESTAURANTES,ARROCES,A,ARR,ALIMENTOS,ARROCES,8,41666.67,02,PLATO FUERTE,,,24090101,,
700001,BABY BEEF,P,N,,45000,18063.31,0,641,COMEDO,N,N,CARNES ROJAS,S,S,0,,S,FALSO,S,N,N,,,,,,,,01,RESTAURANTES,CARNES ROJAS,A,CR,ALIMENTOS,CARNES ROJAS,8,41666.67,02,PLATO FUERTE,,,24090101,,
700978,BABY BEFF JUNIOR,P,N,,25000,12210.06,0,62631,COMEDO,N,N,CARNES ROJAS,N,S,0,,S,FALSO,S,N,N,,,,,,,,01,RESTAURANTES,CARNES ROJAS,A,CR,ALIMENTOS,CARNES ROJAS,8,23148.15,02,PLATO FUERTE,,,,,
700351,BACARDI 750 ML,B,N,,60000,53000,0,73066,COMEDO,N,N,RONES,S,S,0,,S,FALSO,S,N,N,,,,,,,,02,BARES,RONES,B,RON,BEBIDAS,RONES,8,55555.56,04,BEBIDAS,,,,,
700277,BAILEYS,B,N,,80000,47799.06,0,412,COMEDO,N,N,WHISKYS,S,S,0,,S,FALSO,S,N,N,,,,,,,,02,BARES,WHISKYS,B,WHI,BEBIDAS,WHISKYS,8,74074.07,04,BEBIDAS,,,,,
SAN030,BOLA HELADO,U,N,,8000,3500,0,73289,COMEDO,N,N,POSTRES RESTAURANTE,N,S,0,,S,FALSO,S,N,N,,,,,,,,01,RESTAURANTES,POSTRES RESTAURANTE,A,POS,ALIMENTOS,POSTRES,8,7407.41,03,POSTRE,,,,,
700005,BOLLO,U,N,,1000,596.15,0,10689,COMEDO,N,N,ACOMPA헤MIENTOS Y/O ADICIONALES,N,S,0,,S,FALSO,S,N,N,,,,,,,,01,RESTAURANTES,ACOMPA헤MIENTOS Y/O ADICIONALES,A,AOA,ALIMENTOS,ACOMPA헤MIENTOS Y/O ADICIONALS,8,925.93,02,PLATO FUERTE,,,,,
700103,BROCHETA CLUB VALLEDUPAR,P,N,,30000,15955.96,0,20765,COMEDO,N,N,CHUZOS Y BROCHETAS,S,S,0,,S,FALSO,S,N,N,,,,,,,,01,RESTAURANTES,CHUZOS Y BROCHETAS,A,CYB,ALIMENTOS,CHUZOS Y BROCHETAS,8,27777.78,02,PLATO FUERTE,,,24090101,,
700104,BROCHETA DE CARNE,P,N,,35000,16987.29,0,20762,COMEDO,N,N,CHUZOS Y BROCHETAS,S,S,0,,S,FALSO,S,N,N,,,,,,,,01,RESTAURANTES,CHUZOS Y BROCHETAS,A,CYB,ALIMENTOS,CHUZOS Y BROCHETAS,8,32407.41,02,PLATO FUERTE,,,24090101,,
700190,BROCHETA DE LANGOSTINOS,P,N,,50000,20739.63,0,20764,COMEDO,N,N,MARISCOS,S,S,0,,S,FALSO,S,N,N,,,,,,,,01,RESTAURANTES,MARISCOS,A,MAR,ALIMENTOS,MARISCOS,8,46296.3,02,PLATO FUERTE,,,,,
700105,BROCHETA DE POLLO,P,N,,18000,7539.8,0,20763,COMEDO,N,N,CHUZOS Y BROCHETAS,S,S,0,,S,VERDADERO,S,N,N,,,,,,,,01,RESTAURANTES,CHUZOS Y BROCHETAS,A,CYB,ALIMENTOS,CHUZOS Y BROCHETAS,8,16666.67,02,PLATO FUERTE,,,24090101,,
700106,BROCHETA MIXTA,P,N,,25000,11612.28,0,20761,COMEDO,N,N,CHUZOS Y BROCHETAS,S,S,0,,S,VERDADERO,S,N,N,,,,,,,,01,RESTAURANTES,CHUZOS Y BROCHETAS,A,CYB,ALIMENTOS,CHUZOS Y BROCHETAS,8,23148.15,02,PLATO FUERTE,,,24090101,,
SAN001,BROWNIE   BLONDIES,U,N,,5000,3500,0,73021,COMEDO,N,N,POSTRES RESTAURANTE,N,S,0,,S,FALSO,S,N,N,,,,,,,,01,RESTAURANTES,POSTRES RESTAURANTE,A,POS,ALIMENTOS,POSTRES,8,4629.63,03,POSTRE,,,,,
700223,BUCHANANS 18 A헲S 750 ML,B,N,,380000,309334.57,0,20810,COMEDO,N,N,WHISKYS,S,S,0,,S,VERDADERO,S,N,N,,,,,,,,02,BARES,WHISKYS,B,WHI,BEBIDAS,WHISKYS,8,351851.85,04,BEBIDAS,,,24090101,,
700228,BUCHANANS DELUXE 12 A헲S 375,B,N,,120000,73031.23,0,390,COMEDO,N,N,WHISKYS,S,S,0,,S,VERDADERO,S,N,N,,,,,,,,02,BARES,WHISKYS,B,WHI,BEBIDAS,WHISKYS,8,111111.11,04,BEBIDAS,41402002,,,,
700227,BUCHANANS DELUXE 12 A헲S 750 ML,B,N,,190000,129744.55,0,391,COMEDO,N,N,WHISKYS,N,S,0,,S,FALSO,S,N,N,,,,,,,,02,BARES,WHISKYS,B,WHI,BEBIDAS,WHISKYS,8,175925.93,04,BEBIDAS,,,,,
700219,BUCHANANS MASTER 750ML,B,N,,240000,150058.42,0,394,COMEDO,N,N,WHISKYS,S,S,0,,S,FALSO,S,N,N,,,,,,,,02,BARES,WHISKYS,B,WHI,BEBIDAS,WHISKYS,8,222222.22,04,BEBIDAS,41402002,,,,
700874,BUCHANNAS MALT EDITION 750 ML,B,N,,300000,185500.92,0,42187,COMEDO,N,N,WHISKYS,N,S,0,,S,FALSO,S,N,N,,,,,,,,02,BARES,WHISKYS,B,WHI,BEBIDAS,WHISKYS,8,277777.78,04,BEBIDAS,,,,,
700007,BUTIFARRA,U,N,,3000,2375.82,0,20689,COMEDO,N,N,ACOMPA헤MIENTOS Y/O ADICIONALES,S,S,0,,S,FALSO,S,N,N,,,,,,,,01,RESTAURANTES,ACOMPA헤MIENTOS Y/O ADICIONALES,A,AOA,ALIMENTOS,ACOMPA헤MIENTOS Y/O ADICIONALS,8,2777.78,02,PLATO FUERTE,,,24090101,,
700292,CAFE LATTE VAINILLA,V,N,,6000,2757,0,73130,COMEDO,N,N,JUGOS,S,S,0,,S,FALSO,S,N,N,,,,,,,,02,BARES,JUGOS,B,JUG,BEBIDAS,JUGOS,8,5555.56,04,BEBIDAS,,,,,
700283,CAMPARI,B,N,,100000,74999.96,0,410,COMEDO,N,N,COCTELES,S,S,0,,S,FALSO,S,N,N,,,,,,,,02,BARES,COCTELES,B,COC,BEBIDAS,COCTELES,8,92592.59,04,BEBIDAS,,,,,
700286,CAPUCCINO,V,N,,6000,2420.99,0,73127,COMEDO,N,N,JUGOS,S,S,0,,S,FALSO,S,N,N,,,,,,,,02,BARES,JUGOS,B,JUG,BEBIDAS,JUGOS,8,5555.56,04,BEBIDAS,,,,,
700068,CARPACCIO DE RES,P,N,,25000,12084.73,0,20729,COMEDO,N,N,ENTRADAS FRIAS,S,S,0,,S,FALSO,S,N,N,,,,,,,,01,RESTAURANTES,ENTRADAS FRIAS,A,EF,ALIMENTOS,ENTRADAS FRIAS,8,23148.15,01,ENTRADA,,,,,
700012,CEBOLLA GRILLE,P,N,,3000,1187.47,0,20699,COMEDO,N,N,ACOMPA헤MIENTOS Y/O ADICIONALES,N,S,0,,S,FALSO,S,N,N,,,,,,,,01,RESTAURANTES,ACOMPA헤MIENTOS Y/O ADICIONALES,A,AOA,ALIMENTOS,ACOMPA헤MIENTOS Y/O ADICIONALS,8,2777.78,02,PLATO FUERTE,,,,,
700313,CERVEZA CORONITA,B,N,,5000,3029.72,0,365,COMEDO,N,N,CERVEZA NACIONAL,S,S,0,,S,VERDADERO,S,N,N,,,,,,,,02,BARES,CERVEZA NACIONAL,B,CV,BEBIDAS,CERVEZA NACIONAL,8,4629.63,04,BEBIDAS,,,24090101,,
700880,CERVEZA HEINEKEN LATA X 269 ML,B,N,,8000,1624.98,0,42261,COMEDO,N,N,CERVEZA IMPORTADA,N,S,0,,S,FALSO,S,N,N,,,,,,,,02,BARES,CERVEZA IMPORTADA,B,CIM,BEBIDAS,CERVEZA IMPORTADA,8,7407.41,04,BEBIDAS,,,,,
700069,CEVICHE DE CAMARON,P,N,,20000,8877.86,0,20730,COMEDO,N,N,ENTRADAS FRIAS,S,S,0,,S,VERDADERO,S,N,N,,,,,,,,01,RESTAURANTES,ENTRADAS FRIAS,A,EF,ALIMENTOS,ENTRADAS FRIAS,8,18518.52,01,ENTRADA,,,24090101,,
701039,CEVICHE DE LANGOSTINO,P,N,,20000,10447.77,0,72985,COMEDO,N,N,ENTRADAS FRIAS,N,S,0,,S,FALSO,S,N,N,,,,,,,,01,RESTAURANTES,ENTRADAS FRIAS,A,EF,ALIMENTOS,ENTRADAS FRIAS,8,18518.52,01,ENTRADA,,,,,
700072,CEVICHE PERUANO,P,N,,25000,12319.22,0,20732,COMEDO,N,N,ENTRADAS FRIAS,S,S,0,,S,FALSO,S,N,N,,,,,,,,01,RESTAURANTES,ENTRADAS FRIAS,A,EF,ALIMENTOS,ENTRADAS FRIAS,8,23148.15,01,ENTRADA,,,24090101,,
700010,CHAMPI헲NES,P,N,,2000,1574.88,0,20685,COMEDO,N,N,ACOMPA헤MIENTOS Y/O ADICIONALES,S,S,0,,S,FALSO,S,N,N,,,,,,,,01,RESTAURANTES,ACOMPA헤MIENTOS Y/O ADICIONALES,A,AOA,ALIMENTOS,ACOMPA헤MIENTOS Y/O ADICIONALS,8,1851.85,02,PLATO FUERTE,,,,,
700378,CHEESCAKE DE FRESA,U,N,,10000,7200,0,21259,COMEDO,N,N,POSTRES RESTAURANTE,N,S,0,,S,VERDADERO,S,N,N,,,,,,,,01,RESTAURANTES,POSTRES RESTAURANTE,A,POS,ALIMENTOS,POSTRES,8,9259.26,03,POSTRE,,,,,
700769,CHEESCAKE DE PI헤 CON COCO,U,N,,10000,3458.6,0,73443,COMEDO,N,N,POSTRES RESTAURANTE,N,S,0,,N,FALSO,S,N,N,,,,,,,,01,RESTAURANTES,POSTRES RESTAURANTE,A,POS,ALIMENTOS,POSTRES,8,9259.26,03,POSTRE,,,,,
700922,CHEESE TRIES X 45 GRS,U,N,,2000,1293.5,0,20920,COMEDO,N,N,MEKATOS,N,S,0,,N,FALSO,S,N,N,,,,,,,,01,RESTAURANTES,MEKATOS,A,MEK,ALIMENTOS,MEKATOS,8,1851.85,03,POSTRE,,,,,
701083,CHEESECAKE NUTELLA,U,N,,10000,2334.88,0,93497,COMEDO,N,N,POSTRES RESTAURANTE,N,S,0,,S,FALSO,S,N,N,,,,,,,,01,RESTAURANTES,POSTRES RESTAURANTE,A,POS,ALIMENTOS,POSTRES,8,9259.26,03,POSTRE,,,,,
700560,CHICHARRON TOTIAO BARRIL,P,N,,45000,21548.79,0,21271,COMEDO,N,N,SUGERENCIA CHEFF,S,S,0,,S,FALSO,S,N,N,,,,,,,,01,RESTAURANTES,SUGERENCIA CHEFF,A,SUC,ALIMENTOS,SUGERENCIA CHEFF,8,41666.67,02,PLATO FUERTE,,,,,
700912,CHOCLITOS,U,N,,2000,1293.5,0,52360,COMEDO,N,N,MEKATOS,N,S,0,,N,FALSO,S,N,N,,,,,,,,01,RESTAURANTES,MEKATOS,A,MEK,ALIMENTOS,MEKATOS,8,1851.85,03,POSTRE,,,,,
700290,CHOCOLATE ABUELITA,V,N,,5000,2361.59,0,73138,COMEDO,N,N,JUGOS,S,S,0,,S,FALSO,S,N,N,,,,,,,,02,BARES,JUGOS,B,JUG,BEBIDAS,JUGOS,8,4629.63,04,BEBIDAS,,,,,
700920,CHOKIS,U,N,,1500,1082.9,0,52295,COMEDO,N,N,MEKATOS,N,S,0,,N,FALSO,S,N,N,,,,,,,,01,RESTAURANTES,MEKATOS,A,MEK,ALIMENTOS,MEKATOS,8,1388.89,03,POSTRE,,,,,
700008,CHORIZO,P,N,,3000,2269.52,0,20690,COMEDO,N,N,ACOMPA헤MIENTOS Y/O ADICIONALES,S,S,0,,S,FALSO,S,N,N,,,,,,,,01,RESTAURANTES,ACOMPA헤MIENTOS Y/O ADICIONALES,A,AOA,ALIMENTOS,ACOMPA헤MIENTOS Y/O ADICIONALS,8,2777.78,02,PLATO FUERTE,,,,,
700166,CHURRASCO ANGUS,P,N,,75000,41097.55,0,643,COMEDO,N,N,CARNES ROJAS,S,S,0,,S,FALSO,S,N,N,,,,,,,,01,RESTAURANTES,CARNES ROJAS,A,CR,ALIMENTOS,CARNES ROJAS,8,69444.44,02,PLATO FUERTE,,,24090101,,
700525,CHURRASCO NACIONAL,P,N,,50000,24898.01,0,73343,COMEDO,N,N,CARNES ROJAS,N,S,0,,S,FALSO,S,N,N,,,,,,,,01,RESTAURANTES,CARNES ROJAS,A,CR,ALIMENTOS,CARNES ROJAS,8,46296.3,02,PLATO FUERTE,,,,,
700217,CLUB COLOMBIA LATA,B,N,,7000,2694.89,0,361,COMEDO,N,N,CERVEZA NACIONAL,S,S,0,,S,VERDADERO,S,N,N,,,,,,,,02,BARES,CERVEZA NACIONAL,B,CV,BEBIDAS,CERVEZA NACIONAL,8,6481.48,04,BEBIDAS,,,24090101,,
700504,COCA COLA P400,B,N,,4000,1998.41,0,459,COMEDO,N,N,BEBIDAS NO ALCOHOLICAS,N,S,0,,S,VERDADERO,S,N,N,,,,,,,,02,BARES,BEBIDAS NO ALCOHOLICAS,B,AYG,BEBIDAS,AGUAS Y GASEOSAS,8,3703.7,04,BEBIDAS,41402002,,24090101,,
700505,COCA COLA ZERO,B,N,,4000,1991.86,0,459,COMEDO,N,N,BEBIDAS NO ALCOHOLICAS,N,S,0,,S,VERDADERO,S,N,N,,,,,,,,02,BARES,BEBIDAS NO ALCOHOLICAS,B,AYG,BEBIDAS,AGUAS Y GASEOSAS,8,3703.7,04,BEBIDAS,41402002,,24090101,,
700502,COCACOLA LATA X 330ML,U,N,,5000,2500,0,21081,COMEDO,N,N,BEBIDAS NO ALCOHOLICAS,S,S,0,,S,FALSO,S,N,N,,,,,,,,02,BARES,BEBIDAS NO ALCOHOLICAS,B,AYG,BEBIDAS,AGUAS Y GASEOSAS,8,4629.63,04,BEBIDAS,,,,,
700837,COCACOLA ZERO LATA 330 ML,B,N,,5000,2385.65,0,42126,COMEDO,N,N,BEBIDAS NO ALCOHOLICAS,N,S,0,,S,FALSO,S,N,N,,,,,,,,02,BARES,BEBIDAS NO ALCOHOLICAS,B,AYG,BEBIDAS,AGUAS Y GASEOSAS,8,4629.63,04,BEBIDAS,,,,,
700238,COCTEL BAILEYS CLUB,C,N,,25000,3412.18,0,31721,COMEDO,N,N,COCTELES,S,S,0,,S,FALSO,S,N,N,,,,,,,,02,BARES,COCTELES,B,COC,BEBIDAS,COCTELES,8,23148.15,04,BEBIDAS,,,,,
700239,COCTEL CUBA LIBRE,C,N,,20000,8501.5,0,20959,COMEDO,N,N,COCTELES,S,S,0,,S,FALSO,S,N,N,,,,,,,,02,BARES,COCTELES,B,COC,BEBIDAS,COCTELES,8,18518.52,04,BEBIDAS,,,,,
700339,COCTEL DAIQUIRI,U,N,,20000,405.08,0,20955,COMEDO,N,N,COCTELES,S,S,0,,S,FALSO,S,N,N,,,,,,,,02,BARES,COCTELES,B,COC,BEBIDAS,COCTELES,8,18518.52,04,BEBIDAS,,,,,
700070,COCTEL DE CAMARON,P,N,,20000,7673,0,20731,COMEDO,N,N,ENTRADAS FRIAS,S,S,0,,S,FALSO,S,N,N,,,,,,,,01,RESTAURANTES,ENTRADAS FRIAS,A,EF,ALIMENTOS,ENTRADAS FRIAS,8,18518.52,01,ENTRADA,,,24090101,,
700073,COCTEL DE LANGOSTINO,P,N,,30000,13046.91,0,20733,COMEDO,N,N,ENTRADAS FRIAS,S,S,0,,S,FALSO,S,N,N,,,,,,,,01,RESTAURANTES,ENTRADAS FRIAS,A,EF,ALIMENTOS,ENTRADAS FRIAS,8,27777.78,01,ENTRADA,,,,,
700330,COCTEL GINTONIC,U,N,,25000,15460.39,0,20957,COMEDO,N,N,COCTELES,S,S,0,,S,FALSO,S,N,N,,,,,,,,02,BARES,COCTELES,B,COC,BEBIDAS,COCTELES,8,23148.15,04,BEBIDAS,,,24090101,,
700240,COCTEL MARGARITA,C,N,,20000,11419.33,0,20952,COMEDO,N,N,COCTELES,S,S,0,,S,VERDADERO,S,N,N,,,,,,,,02,BARES,COCTELES,B,COC,BEBIDAS,COCTELES,8,18518.52,04,BEBIDAS,,,,,
700334,COCTEL MARGARITA FRUITS,U,N,,20000,12525.26,0,20953,COMEDO,N,N,COCTELES,S,S,0,,S,FALSO,S,N,N,,,,,,,,02,BARES,COCTELES,B,COC,BEBIDAS,COCTELES,8,18518.52,04,BEBIDAS,,,,,
700340,COCTEL MOJITO,U,N,,20000,6033,0,20954,COMEDO,N,N,COCTELES,S,S,0,,S,FALSO,S,N,N,,,,,,,,02,BARES,COCTELES,B,COC,BEBIDAS,COCTELES,8,18518.52,04,BEBIDAS,,,,,
700337,COCTEL TINTO DE VERANO,U,N,,20000,3507.87,0,20962,COMEDO,N,N,COCTELES,N,S,0,,S,FALSO,S,N,N,,,,,,,,02,BARES,COCTELES,B,COC,BEBIDAS,COCTELES,8,18518.52,04,BEBIDAS,,,,,
700338,COCTEL TOM COLIIN,U,N,,25000,16413.52,0,20958,COMEDO,N,N,COCTELES,S,S,0,,S,FALSO,S,N,N,,,,,,,,02,BARES,COCTELES,B,COC,BEBIDAS,COCTELES,8,23148.15,04,BEBIDAS,,,,,
700213,CORONA BOTELLA,B,N,,8000,4991.37,0,364,COMEDO,N,N,CERVEZA NACIONAL,S,S,0,,S,FALSO,S,N,N,,,,,,,,02,BARES,CERVEZA NACIONAL,B,CV,BEBIDAS,CERVEZA NACIONAL,8,7407.41,04,BEBIDAS,,,24090101,,
701034,CORONA LATA X 269,B,N,,7000,3225.65,0,72925,COMEDO,N,N,CERVEZA NACIONAL,N,S,0,,S,FALSO,S,N,N,,,,,,,,02,BARES,CERVEZA NACIONAL,B,CV,BEBIDAS,CERVEZA NACIONAL,8,6481.48,04,BEBIDAS,,,,,
700794,CUBETAZO HEINEKEN,B,N,,25000,14729.25,0,93490,COMEDO,N,N,CERVEZA NACIONAL,S,S,0,,S,FALSO,S,N,N,,,,,,,,02,BARES,CERVEZA NACIONAL,B,CV,BEBIDAS,CERVEZA NACIONAL,8,23148.15,04,BEBIDAS,,,,,
900017,DESCORCHE 1000 ML,U,N,,60000,0,19,No,COMEDO,N,N,SERVICIOS,N,S,0,,N,VERDADERO,S,S,N,,,,,,,,03,EVENTOS,SERVICIOS,E,SER,EVENTOS,SERVICIOS,0,50420.17,---,PREPARAR Y SERVIR,,24080101,,,
900016,DESCORCHE 750 ML,U,N,,60000,0,19,No,COMEDO,N,N,SERVICIOS,N,S,0,,N,VERDADERO,S,S,N,,,,,,,,03,EVENTOS,SERVICIOS,E,SER,EVENTOS,SERVICIOS,0,50420.17,---,PREPARAR Y SERVIR,,24080101,,,
900018,DESCORCHE CHAMPA헤,U,N,,21000,0,19,No,COMEDO,N,N,SERVICIOS,N,S,0,,N,VERDADERO,S,S,N,,,,,,,,03,EVENTOS,SERVICIOS,E,SER,EVENTOS,SERVICIOS,0,17647.06,---,PREPARAR Y SERVIR,,24080101,,,
900019,DESCORCHE VINOS,U,N,,21000,0,19,No,COMEDO,N,N,SERVICIOS,N,S,0,,N,VERDADERO,S,S,N,,,,,,,,03,EVENTOS,SERVICIOS,E,SER,EVENTOS,SERVICIOS,0,17647.06,---,PREPARAR Y SERVIR,,24080101,,,
700356,DETODITOS,U,N,,2500,2155.09,0,129,COMEDO,N,N,MEKATOS,S,S,0,,S,VERDADERO,S,N,N,,,,,,,,01,RESTAURANTES,MEKATOS,A,MEK,ALIMENTOS,MEKATOS,8,2314.81,03,POSTRE,,,24090101,,
700534,DIPS DE COROZO,U,N,,60000,19408.59,0,21212,COMEDO,N,N,ACOMPA헤MIENTOS Y/O ADICIONALES,N,S,0,,S,FALSO,S,N,N,,,,,,,,03,EVENTOS,ACOMPA헤MIENTOS Y/O ADICIONALES,A,AOA,ALIMENTOS,ACOMPA헤MIENTOS Y/O ADICIONALS,8,55555.56,01,ENTRADA,,,,,
800001,DOMICILIO 4000,P,N,,4000,3999,0,No,COMEDO,N,N,DOMICILIOS,N,S,0,,N,FALSO,S,N,N,,,,,,,,01,RESTAURANTES,DOMICILIOS,O,DOM,OTROS,DOMICILIOS,8,3703.7,04,BEBIDAS,41409515,,24090101,,
800005,DOMICILIO 6000,U,N,,6000,5999,0,No,COMEDO,N,N,DOMICILIOS,N,S,0,,N,VERDADERO,S,N,N,,,,,,,,01,RESTAURANTES,DOMICILIOS,O,DOM,OTROS,DOMICILIOS,8,5555.56,02,PLATO FUERTE,41409515,,,,
700358,DORITOS,U,N,,2000,1724.32,0,130,COMEDO,N,N,MEKATOS,N,S,0,,S,FALSO,S,N,N,,,,,,,,01,RESTAURANTES,MEKATOS,A,MEK,ALIMENTOS,MEKATOS,8,1851.85,03,POSTRE,,,,,
700352,DUBONNET 375 ML,B,N,,45000,30000,0,No,COMEDO,N,N,RONES,S,S,0,,S,FALSO,S,N,N,,,,,,,,02,BARES,RONES,B,RON,BEBIDAS,RONES,8,41666.67,04,BEBIDAS,,,,,
700349,DUBONNET X 750 ML,B,N,,100000,53900,0,No,COMEDO,N,N,VINOS TINTOS,S,S,0,,S,FALSO,S,N,N,,,,,,,,02,BARES,VINOS TINTOS,B,V,BEBIDAS,VINOS,8,92592.59,04,BEBIDAS,,,,,
700949,ELECTROLIT,B,N,,10000,6415.53,0,73220,COMEDO,N,N,BEBIDAS NO ALCOHOLICAS,N,S,0,,N,FALSO,S,N,N,,,,,,,,02,BARES,BEBIDAS NO ALCOHOLICAS,B,AYG,BEBIDAS,AGUAS Y GASEOSAS,8,9259.26,04,BEBIDAS,,,,,
700721,ENSALADA CESAR CON POLLO EVENTO,P,N,,22000,11715.04,0,73334,COMEDO,N,N,EVENTOS CLUB,N,S,0,,S,VERDADERO,S,N,N,,,,,,,,03,EVENTOS,EVENTOS CLUB,E,EVC,EVENTOS,EVENTOS CLUB,8,20370.37,01,ENTRADA,,,,,
700528,ENSALADA DE VEGETALES,P,N,,0,1056.48,0,21164,COMEDO,N,N,ACOMPA헤MIENTOS Y/O ADICIONALES,N,S,0,,S,VERDADERO,N,N,N,,,,,,,,03,EVENTOS,ACOMPA헤MIENTOS Y/O ADICIONALES,A,AOA,ALIMENTOS,ACOMPA헤MIENTOS Y/O ADICIONALS,8,0,01,ENTRADA,,,,,
700915,EXPRESSO,V,N,,3000,7,0,73135,COMEDO,N,N,JUGOS,N,S,0,,S,FALSO,S,N,N,,,,,,,,02,BARES,JUGOS,B,JUG,BEBIDAS,JUGOS,8,2777.78,04,BEBIDAS,,,,,
701008,EXPRESSO DOBLE,B,N,,4000,11,0,73136,COMEDO,N,N,JUGOS,N,S,0,,N,FALSO,S,N,N,,,,,,,,02,BARES,JUGOS,B,JUG,BEBIDAS,JUGOS,8,3703.7,04,BEBIDAS,,,,,
700077,"EXTRA GRANDE POLLO, CHAMPI헲NES",P,N,,60000,30575.3,0,21196,COMEDO,N,N,PIZZA ENTERA,S,S,0,,S,FALSO,S,N,N,,,,,,,,01,RESTAURANTES,PIZZA ENTERA,A,PIZ,ALIMENTOS,PIZZAS,8,55555.56,02,PLATO FUERTE,,,,,
700168,FILET MIGNON,P,N,,45000,20844.34,0,646,COMEDO,N,N,CARNES ROJAS,S,S,0,,S,FALSO,S,N,N,,,,,,,,01,RESTAURANTES,CARNES ROJAS,A,CR,ALIMENTOS,CARNES ROJAS,8,41666.67,02,PLATO FUERTE,,,24090101,,
700285,FLAN DE CARAMELO,U,N,,10000,5916.67,0,289,COMEDO,N,N,POSTRES RESTAURANTE,S,S,0,,S,VERDADERO,S,N,N,,,,,,,,01,RESTAURANTES,POSTRES RESTAURANTE,A,POS,ALIMENTOS,POSTRES,8,9259.26,03,POSTRE,,,,,
700252,FRAPPE DE MANDARINA,V,N,,5000,4838.64,0,20996,COMEDO,N,N,JUGOS,S,S,0,,S,VERDADERO,S,N,N,,,,,,,,02,BARES,JUGOS,B,JUG,BEBIDAS,JUGOS,8,4629.63,04,BEBIDAS,,,24090101,,
799981,FUSILLI BOLO헨SA JUNIOR,P,N,,15000,5478.66,0,62634,COMEDO,N,N,PASTAS,N,S,0,,S,FALSO,S,N,N,,,,,,,,01,RESTAURANTES,PASTAS,A,PAS,ALIMENTOS,PASTAS,8,13888.89,02,PLATO FUERTE,,,,,
700994,FUSILLI CARBOBARA JUNIOR,P,N,,15000,7196.3,0,72657,COMEDO,N,N,PASTAS,N,S,0,,S,FALSO,S,N,N,,,,,,,,01,RESTAURANTES,PASTAS,A,PAS,ALIMENTOS,PASTAS,8,13888.89,02,PLATO FUERTE,,,,,
700995,FUSILLI NAPOLITANA + POLLO JUNIOR,P,N,,15000,7178.03,0,72658,COMEDO,N,N,PASTAS,N,S,0,,S,FALSO,S,N,N,,,,,,,,01,RESTAURANTES,PASTAS,A,PAS,ALIMENTOS,PASTAS,8,13888.89,02,PLATO FUERTE,,,,,
701048,GALLETA MAMUT,U,N,,1000,345.1,0,72992,COMEDO,N,N,MEKATOS,N,S,0,,S,FALSO,S,N,N,,,,,,,,01,RESTAURANTES,MEKATOS,A,MEK,ALIMENTOS,MEKATOS,8,925.93,04,BEBIDAS,,,,,
700506,GASEOSA MANZANA P400,B,N,,4000,1666.64,0,462,COMEDO,N,N,BEBIDAS NO ALCOHOLICAS,N,S,0,,S,VERDADERO,S,N,N,,,,,,,,02,BARES,BEBIDAS NO ALCOHOLICAS,B,AYG,BEBIDAS,AGUAS Y GASEOSAS,8,3703.7,04,BEBIDAS,,,24090101,,
700507,GASEOSA UVA P400,B,N,,4000,1595.72,0,463,COMEDO,N,N,BEBIDAS NO ALCOHOLICAS,N,S,0,,S,VERDADERO,S,N,N,,,,,,,,02,BARES,BEBIDAS NO ALCOHOLICAS,B,AYG,BEBIDAS,AGUAS Y GASEOSAS,8,3703.7,04,BEBIDAS,,,24090101,,
700243,GATORADE,B,N,,6000,2581.73,0,475,COMEDO,N,N,BEBIDAS NO ALCOHOLICAS,S,S,0,,N,FALSO,S,N,N,,,,,,,,02,BARES,BEBIDAS NO ALCOHOLICAS,B,AYG,BEBIDAS,AGUAS Y GASEOSAS,8,5555.56,04,BEBIDAS,41402002,,24090101,,
700281,GINEBRA GORDON,B,N,,120000,1,0,420,COMEDO,N,N,GINEBRAS,S,S,0,,S,FALSO,S,N,N,,,,,,,,02,BARES,GINEBRAS,B,GIN,BEBIDAS,GINEBRAS,8,111111.11,04,BEBIDAS,,,,,
700242,GINGER,B,N,,4000,1829.1,0,20940,COMEDO,N,N,BEBIDAS NO ALCOHOLICAS,S,S,0,,N,FALSO,S,N,N,,,,,,,,02,BARES,BEBIDAS NO ALCOHOLICAS,B,AYG,BEBIDAS,AGUAS Y GASEOSAS,8,3703.7,04,BEBIDAS,,,24090101,,
700597,GLENFIDDICH 12 A헲S,B,N,,180000,153088.39,0,21348,COMEDO,N,N,WHISKYS,N,S,0,,N,FALSO,S,N,N,,,,,,,,02,BARES,WHISKYS,B,WHI,BEBIDAS,WHISKYS,8,166666.67,04,BEBIDAS,,,,,
700598,GLENFIDDICH 15 A헲S,B,N,,350000,184445,0,21351,COMEDO,N,N,WHISKYS,N,S,0,,N,FALSO,S,N,N,,,,,,,,02,BARES,WHISKYS,B,WHI,BEBIDAS,WHISKYS,8,324074.07,04,BEBIDAS,,,,,
700175,GORDON BLUE DE LOMO,P,N,,45000,18176.28,0,654,COMEDO,N,N,CARNES ROJAS,S,S,0,,S,FALSO,S,N,N,,,,,,,,01,RESTAURANTES,CARNES ROJAS,A,CR,ALIMENTOS,CARNES ROJAS,8,41666.67,02,PLATO FUERTE,,,,,
700179,GORDON BLUE DE POLLO,P,N,,36000,10727.84,0,637,COMEDO,N,N,AVES,S,S,0,,S,FALSO,S,N,N,,,,,,,,01,RESTAURANTES,AVES,A,AV,ALIMENTOS,AVES,8,33333.33,02,PLATO FUERTE,,,,,
700911,GUDIZ,U,N,,1500,862.75,0,52359,COMEDO,N,N,MEKATOS,N,S,0,,N,FALSO,S,N,N,,,,,,,,01,RESTAURANTES,MEKATOS,A,MEK,ALIMENTOS,MEKATOS,8,1388.89,03,POSTRE,,,,,
700276,HABANA CLUB A헨JO 750 ML,B,N,,80000,51867.24,0,369,COMEDO,N,N,COCTELES,S,S,0,,S,FALSO,S,N,N,,,,,,,,02,BARES,COCTELES,B,COC,BEBIDAS,COCTELES,8,74074.07,04,BEBIDAS,,,,,
700123,HAMBURGUESA ANGUS CLASICA,P,N,,23000,13122.42,0,20767,COMEDO,N,N,HAMBURGUESAS,S,S,0,,S,FALSO,S,N,N,,,,,,,,01,RESTAURANTES,HAMBURGUESAS,A,HAM,ALIMENTOS,HAMBURGUESAS,8,21296.3,02,PLATO FUERTE,41401501,,24090101,,
700314,HEINEKEN BOT X 250 ML,B,N,,5000,2272.6,0,72808,COMEDO,N,N,CERVEZA NACIONAL,S,S,0,,S,VERDADERO,S,N,N,,,,,,,,02,BARES,CERVEZA NACIONAL,B,CV,BEBIDAS,CERVEZA NACIONAL,8,4629.63,04,BEBIDAS,,,,,
700294,HELADO BOCATTO,U,N,,4000,3546.2,0,336,COMEDO,N,N,HELADOS,S,S,0,,S,FALSO,S,N,N,,,,,,,,01,RESTAURANTES,HELADOS,A,HEL,ALIMENTOS,HELADOS,8,3703.7,03,POSTRE,,,,,
700297,HELADO CHOCOCONO,U,N,,2500,2017.05,0,342,COMEDO,N,N,HELADOS,S,S,0,,S,VERDADERO,S,N,N,,,,,,,,01,RESTAURANTES,HELADOS,A,HEL,ALIMENTOS,HELADOS,8,2314.81,03,POSTRE,,,24090101,,
700293,HELADO SANDWICH PLATILLO,U,N,,2500,2014.19,0,334,COMEDO,N,N,HELADOS,S,S,0,,S,FALSO,S,N,N,,,,,,,,01,RESTAURANTES,HELADOS,A,HEL,ALIMENTOS,HELADOS,8,2314.81,03,POSTRE,,,24090101,,
700295,HELADO VASO ALOHA RASPAO,U,N,,3000,2775.08,0,338,COMEDO,N,N,HELADOS,S,S,0,,S,FALSO,S,N,N,,,,,,,,01,RESTAURANTES,HELADOS,A,HEL,ALIMENTOS,HELADOS,8,2777.78,03,POSTRE,,,,,
700296,HELADO VASO HELADINO,U,N,,3000,2000.42,0,340,COMEDO,N,N,HELADOS,S,S,0,,S,FALSO,S,N,N,,,,,,,,01,RESTAURANTES,HELADOS,A,HEL,ALIMENTOS,HELADOS,8,2777.78,03,POSTRE,,,24090101,,
700600,HENDRICKS (GINEBRA) 750 ML,B,N,,370000,161139.48,0,21357,COMEDO,N,N,WHISKYS,N,S,0,,N,FALSO,S,N,N,,,,,,,,02,BARES,WHISKYS,B,WHI,BEBIDAS,WHISKYS,8,342592.59,04,BEBIDAS,,,,,
701082,HENDRICKS GINEBRA 50ML,B,N,,45000,22200,0,93495,COMEDO,N,N,WHISKYS,N,S,0,,S,FALSO,S,N,N,,,,,,,,02,BARES,WHISKYS,B,WHI,BEBIDAS,WHISKYS,8,41666.67,04,BEBIDAS,,,,,
700895,JOHNNIE WALKER 18 A헲S X 750ML,B,N,,400000,327451.33,0,52342,COMEDO,N,N,WHISKYS,N,S,0,,S,FALSO,S,N,N,,,,,,,,02,BARES,WHISKYS,B,WHI,BEBIDAS,WHISKYS,8,370370.37,04,BEBIDAS,,,,,
700224,JOHNNIE WALKER BLACK LABEL 700 ML,B,N,,180000,122144.16,0,21187,COMEDO,N,N,WHISKYS,S,S,0,,S,VERDADERO,S,N,N,,,,,,,,02,BARES,WHISKYS,B,WHI,BEBIDAS,WHISKYS,8,166666.67,04,BEBIDAS,,,,,
700982,JOHNNIE WALKER BLUE LABEL,B,N,,650000,51966,0,382,COMEDO,N,N,WHISKYS,N,S,0,,S,FALSO,S,N,N,,,,,,,,02,BARES,WHISKYS,B,WHI,BEBIDAS,WHISKYS,8,601851.85,04,BEBIDAS,,,,,
700218,JOHNNIE WALKER DOUBLE BLACK 750 ML,B,N,,200000,150126.55,0,387,COMEDO,N,N,WHISKYS,N,S,0,,S,FALSO,S,N,N,,,,,,,,02,BARES,WHISKYS,B,WHI,BEBIDAS,WHISKYS,8,185185.19,04,BEBIDAS,,,,,
700306,JUGO DE FRESA,V,N,,5000,1309.71,0,21163,COMEDO,N,N,JUGOS,S,S,0,,S,FALSO,S,N,N,,,,,,,,02,BARES,JUGOS,B,JUG,BEBIDAS,JUGOS,8,4629.63,04,BEBIDAS,,,24090101,,
700299,JUGO DE LULO,V,N,,5000,375.17,0,31707,COMEDO,N,N,JUGOS,N,S,0,,S,FALSO,S,N,N,,,,,,,,02,BARES,JUGOS,B,JUG,BEBIDAS,JUGOS,8,4629.63,04,BEBIDAS,,,,,
700250,JUGO DE MORA,V,N,,5000,925.94,0,20852,COMEDO,N,N,JUGOS,S,S,0,,S,FALSO,S,N,N,,,,,,,,02,BARES,JUGOS,B,JUG,BEBIDAS,JUGOS,8,4629.63,04,BEBIDAS,,,24090101,,
700254,JUGO DE NISPERO EN LECHE,V,N,,7000,2517.19,0,20854,COMEDO,N,N,JUGOS,S,S,0,,S,FALSO,S,N,N,,,,,,,,02,BARES,JUGOS,B,JUG,BEBIDAS,JUGOS,8,6481.48,04,BEBIDAS,,,24090101,,
700302,JUGO DE PI헤,V,N,,5000,846.69,0,42114,COMEDO,N,N,JUGOS,S,S,0,,S,FALSO,S,N,N,,,,,,,,02,BARES,JUGOS,B,JUG,BEBIDAS,JUGOS,8,4629.63,04,BEBIDAS,,,,,
700253,JUGO GUANABANA EN LECHE CLUB,V,N,,6000,2893.67,0,20853,COMEDO,N,N,JUGOS,S,S,0,,S,FALSO,S,N,N,,,,,,,,02,BARES,JUGOS,B,JUG,BEBIDAS,JUGOS,8,5555.56,04,BEBIDAS,,,24090101,,
700249,JUGO MARACUYA,V,N,,5000,1436.6,0,20849,COMEDO,N,N,JUGOS,S,S,0,,S,VERDADERO,S,N,N,,,,,,,,02,BARES,JUGOS,B,JUG,BEBIDAS,JUGOS,8,4629.63,04,BEBIDAS,,,24090101,,
700255,JUGO ZAPOTE EN LECHE,V,N,,7000,2223.63,0,20855,COMEDO,N,N,JUGOS,S,S,0,,S,FALSO,S,N,N,,,,,,,,02,BARES,JUGOS,B,JUG,BEBIDAS,JUGOS,8,6481.48,04,BEBIDAS,,,24090101,,
700367,JUGOS DEL VALLE,B,N,,2500,833.35,0,21452,COMEDO,N,N,BEBIDAS NO ALCOHOLICAS,S,S,0,,S,VERDADERO,S,N,N,,,,,,,,03,EVENTOS,BEBIDAS NO ALCOHOLICAS,B,AYG,BEBIDAS,AGUAS Y GASEOSAS,8,2314.81,04,BEBIDAS,,,,,
700519,KOLA ROMAN P400,B,N,,4000,1666.67,0,461,COMEDO,N,N,BEBIDAS NO ALCOHOLICAS,N,S,0,,S,VERDADERO,S,N,N,,,,,,,,02,BARES,BEBIDAS NO ALCOHOLICAS,B,AYG,BEBIDAS,AGUAS Y GASEOSAS,8,3703.7,04,BEBIDAS,41402002,,24090101,,
700287,LATTE GRANDE,V,N,,4000,1,0,73128,COMEDO,N,N,JUGOS,S,S,0,,S,FALSO,S,N,N,,,,,,,,02,BARES,JUGOS,B,JUG,BEBIDAS,JUGOS,8,3703.7,04,BEBIDAS,,,,,
700288,LATTE PEQUE헲,V,N,,3000,1,0,73129,COMEDO,N,N,JUGOS,S,S,0,,S,FALSO,S,N,N,,,,,,,,02,BARES,JUGOS,B,JUG,BEBIDAS,JUGOS,8,2777.78,04,BEBIDAS,,,,,
700256,LIMONADA CEREZADA,V,N,,6000,1826.65,0,20857,COMEDO,N,N,JUGOS,S,S,0,,S,VERDADERO,S,N,N,,,,,,,,02,BARES,JUGOS,B,JUG,BEBIDAS,JUGOS,8,5555.56,04,BEBIDAS,,,24090101,,
700305,LIMONADA DE COCO,V,N,,12000,6135.85,0,20858,COMEDO,N,N,JUGOS,S,S,0,,S,FALSO,S,N,N,,,,,,,,02,BARES,JUGOS,B,JUG,BEBIDAS,JUGOS,8,11111.11,04,BEBIDAS,,,,,
700923,LIMONADA DE HIERBABUENA,V,N,,6000,1513.12,0,52410,COMEDO,N,N,JUGOS,N,S,0,,S,FALSO,S,N,N,,,,,,,,02,BARES,JUGOS,B,JUG,BEBIDAS,JUGOS,8,5555.56,04,BEBIDAS,,,,,
700251,LIMONADA NATURAL,V,N,,5000,975.37,0,20856,COMEDO,N,N,JUGOS,S,S,0,,S,VERDADERO,S,N,N,,,,,,,,02,BARES,JUGOS,B,JUG,BEBIDAS,JUGOS,8,4629.63,04,BEBIDAS,,,24090101,,
700526,LOMO 3 PIMIENTA TOCINETA CROCANTE,P,N,,0,491.75,0,31580,COMEDO,N,N,CARNES ROJAS,N,S,0,,S,VERDADERO,S,N,N,,,,,,,,03,EVENTOS,CARNES ROJAS,A,CR,ALIMENTOS,CARNES ROJAS,8,0,02,PLATO FUERTE,,,,,
700165,LOMO DE CERDO A LA PLANCHA,P,N,,30000,11717.16,0,645,COMEDO,N,N,CARNES ROJAS,S,S,0,,S,VERDADERO,S,N,N,,,,,,,,01,RESTAURANTES,CARNES ROJAS,A,CR,ALIMENTOS,CARNES ROJAS,8,27777.78,02,PLATO FUERTE,,,24090101,,
700563,LONJAS POLLO EN SALSA DE CHAMPI헲N,P,N,,10000,4389.69,0,21470,COMEDO,N,N,EVENTOS CLUB,S,S,0,,N,FALSO,S,N,N,,,,,,,,03,EVENTOS,EVENTOS CLUB,E,EVC,EVENTOS,EVENTOS CLUB,8,9259.26,02,PLATO FUERTE,,,,,
700109,MAICITO CLUB VALLEDUPAR,P,N,,25000,14664.23,0,20752,COMEDO,N,N,COMIDAS RAPIDAS OTROS,S,S,0,,S,FALSO,S,N,N,,,,,,,,01,RESTAURANTES,COMIDAS RAPIDAS OTROS,A,CRO,ALIMENTOS,COMIDAS RAPIDAS OTROS,8,23148.15,02,PLATO FUERTE,,,24090101,,
701079,MAICITO SENCILLO,U,N,,15000,7582.14,0,73449,COMEDO,N,N,COMIDAS RAPIDAS OTROS,S,S,0,,S,FALSO,S,N,N,,,,,,,,01,RESTAURANTES,COMIDAS RAPIDAS OTROS,A,CRO,ALIMENTOS,COMIDAS RAPIDAS OTROS,8,13888.89,02,PLATO FUERTE,,,,,
700018,MAIZ TIERNO,P,N,,2000,823.06,0,20700,COMEDO,N,N,ACOMPA헤MIENTOS Y/O ADICIONALES,S,S,0,,S,FALSO,S,N,N,,,,,,,,01,RESTAURANTES,ACOMPA헤MIENTOS Y/O ADICIONALES,A,AOA,ALIMENTOS,ACOMPA헤MIENTOS Y/O ADICIONALS,8,1851.85,02,PLATO FUERTE,,,,,
700918,MANI MOTO,U,N,,2000,836.58,0,31782,COMEDO,N,N,MEKATOS,N,S,0,,N,FALSO,S,N,N,,,,,,,,01,RESTAURANTES,MEKATOS,A,MEK,ALIMENTOS,MEKATOS,8,1851.85,03,POSTRE,,,,,
700601,MANI SALADO X 200 GR,U,N,,7000,4428.64,0,21330,COMEDO,N,N,MEKATOS,N,S,0,,S,FALSO,S,N,N,,,,,,,,01,RESTAURANTES,MEKATOS,A,MEK,ALIMENTOS,MEKATOS,8,6481.48,03,POSTRE,,,,,
700360,MANI SALADO X 500 GR,U,N,,10000,994.75,0,21331,COMEDO,N,N,MEKATOS,S,S,0,,S,FALSO,S,N,N,,,,,,,,01,RESTAURANTES,MEKATOS,A,MEK,ALIMENTOS,MEKATOS,8,9259.26,03,POSTRE,,,,,
700602,MANI UVAS PASAS X 200 GR,U,N,,10000,4535.38,0,21332,COMEDO,N,N,MEKATOS,N,S,0,,S,FALSO,S,N,N,,,,,,,,01,RESTAURANTES,MEKATOS,A,MEK,ALIMENTOS,MEKATOS,8,9259.26,03,POSTRE,,,,,
700361,MANI UVAS PASAS X 400 GR,U,N,,15000,10050,0,21334,COMEDO,N,N,MEKATOS,S,S,0,,S,FALSO,S,N,N,,,,,,,,01,RESTAURANTES,MEKATOS,A,MEK,ALIMENTOS,MEKATOS,8,13888.89,03,POSTRE,,,24090101,,
700278,MARTINI BLANCO,U,N,,45000,39500.18,0,418,COMEDO,N,N,COCTELES,S,S,0,,S,FALSO,S,N,N,,,,,,,,02,BARES,COCTELES,B,COC,BEBIDAS,COCTELES,8,41666.67,04,BEBIDAS,,,,,
700532,MEDALLONES RES TOCINETA Y CHAMPI,P,N,,25000,10018.87,0,42038,COMEDO,N,N,EVENTOS CLUB,N,S,0,,N,FALSO,S,N,N,,,,,,,,03,EVENTOS,EVENTOS CLUB,E,EVC,EVENTOS,EVENTOS CLUB,8,23148.15,02,PLATO FUERTE,,,,,
701043,MEZCLA ANTINA MONTEROJO,U,N,,10000,7499.37,0,72969,COMEDO,N,N,MEKATOS,N,S,0,,S,FALSO,S,N,N,,,,,,,,01,RESTAURANTES,MEKATOS,A,MEK,ALIMENTOS,MEKATOS,8,9259.26,03,POSTRE,,,,,
700316,MEZCLANDINA MONTROJO 40GR,U,N,,3000,2174.16,0,73177,COMEDO,N,N,MEKATOS,S,S,0,,S,FALSO,S,N,N,,,,,,,,01,RESTAURANTES,MEKATOS,A,MEK,ALIMENTOS,MEKATOS,8,2777.78,03,POSTRE,,,,,
700304,MILO FRIO,V,N,,4000,1477.02,0,21176,COMEDO,N,N,JUGOS,S,S,0,,S,FALSO,S,N,N,,,,,,,,02,BARES,JUGOS,B,JUG,BEBIDAS,JUGOS,8,3703.7,04,BEBIDAS,,,24090101,,
700289,MILO VENDING,V,N,,5000,2415.69,0,73139,COMEDO,N,N,JUGOS,S,S,0,,S,FALSO,S,N,N,,,,,,,,02,BARES,JUGOS,B,JUG,BEBIDAS,JUGOS,8,4629.63,04,BEBIDAS,,,,,
701102,MITAD CARNES FRIAS EXTRA GRANDE,U,N,,30000,1,0,83466,COMEDO,N,N,PIZZAS,S,S,0,,S,FALSO,S,N,N,,,,,,,,01,RESTAURANTES,PIZZAS,A,PIZ,ALIMENTOS,PIZZAS,8,27777.78,02,PLATO FUERTE,,,,,
701097,MITAD CARNES FRIAS GRANDE,U,N,,22500,1,0,83465,COMEDO,N,N,PIZZAS,S,S,0,,S,FALSO,S,N,N,,,,,,,,01,RESTAURANTES,PIZZAS,A,PIZ,ALIMENTOS,PIZZAS,8,20833.33,02,PLATO FUERTE,,,,,
701092,MITAD CARNES FRIAS MEDIANA,U,N,,15000,1,0,83477,COMEDO,N,N,PIZZAS,S,S,0,,S,FALSO,S,N,N,,,,,,,,01,RESTAURANTES,PIZZAS,A,PIZ,ALIMENTOS,PIZZAS,8,13888.89,02,PLATO FUERTE,,,,,
701101,MITAD HAWAIANA EXTRA GRANDE,U,N,,27500,1,0,83464,COMEDO,N,N,PIZZAS,S,S,0,,S,FALSO,S,N,N,,,,,,,,01,RESTAURANTES,PIZZAS,A,PIZ,ALIMENTOS,PIZZAS,8,25462.96,02,PLATO FUERTE,,,,,
701096,MITAD HAWAIANA GRANDE,U,N,,20000,1,0,83463,COMEDO,N,N,PIZZAS,S,S,0,,S,FALSO,S,N,N,,,,,,,,01,RESTAURANTES,PIZZAS,A,PIZ,ALIMENTOS,PIZZAS,8,18518.52,02,PLATO FUERTE,,,,,
701091,MITAD HAWAIANA MEDIANA,U,N,,12500,1,0,83478,COMEDO,N,N,PIZZAS,S,S,0,,S,FALSO,S,N,N,,,,,,,,01,RESTAURANTES,PIZZAS,A,PIZ,ALIMENTOS,PIZZAS,8,11574.07,02,PLATO FUERTE,,,,,
701103,MITAD JAMON Y QUESO EXTRA GRANDE,U,N,,25000,1,0,83468,COMEDO,N,N,PIZZAS,S,S,0,,S,FALSO,S,N,N,,,,,,,,01,RESTAURANTES,PIZZAS,A,PIZ,ALIMENTOS,PIZZAS,8,23148.15,02,PLATO FUERTE,,,,,
701098,MITAD JAMON Y QUESO GRANDE,U,N,,19000,1,0,83467,COMEDO,N,N,PIZZAS,S,S,0,,S,FALSO,S,N,N,,,,,,,,01,RESTAURANTES,PIZZAS,A,PIZ,ALIMENTOS,PIZZAS,8,17592.59,02,PLATO FUERTE,,,,,
701105,MITAD MARGARITA EXTRA GRANDE,U,N,,21000,1,0,83481,COMEDO,N,N,PIZZAS,S,S,0,,S,FALSO,S,N,N,,,,,,,,01,RESTAURANTES,PIZZAS,A,PIZ,ALIMENTOS,PIZZAS,8,19444.44,02,PLATO FUERTE,,,,,
701100,MITAD MARGARITA GRANDE,U,N,,17000,1,0,83480,COMEDO,N,N,PIZZAS,S,S,0,,S,FALSO,S,N,N,,,,,,,,01,RESTAURANTES,PIZZAS,A,PIZ,ALIMENTOS,PIZZAS,8,15740.74,02,PLATO FUERTE,,,,,
701095,MITAD MARGARITA MEDIANA,U,N,,11000,1,0,83479,COMEDO,N,N,PIZZAS,S,S,0,,S,FALSO,S,N,N,,,,,,,,01,RESTAURANTES,PIZZAS,A,PIZ,ALIMENTOS,PIZZAS,8,10185.19,02,PLATO FUERTE,,,,,
701104,MITAD POLLO CHAMPI헲N EXTRA GRANDE,U,N,,30000,1,0,83470,COMEDO,N,N,PIZZAS,S,S,0,,S,FALSO,S,N,N,,,,,,,,01,RESTAURANTES,PIZZAS,A,PIZ,ALIMENTOS,PIZZAS,8,27777.78,02,PLATO FUERTE,,,,,
701099,MITAD POLLO Y CHAMPI헲N GRANDE,U,N,,21000,1,0,83469,COMEDO,N,N,PIZZAS,S,S,0,,S,FALSO,S,N,N,,,,,,,,01,RESTAURANTES,PIZZAS,A,PIZ,ALIMENTOS,PIZZAS,8,19444.44,02,PLATO FUERTE,,,,,
701094,MITAD POLLO Y CHAMPI헲NES MEDIANA,U,N,,12500,1,0,83475,COMEDO,N,N,PIZZAS,S,S,0,,S,FALSO,S,N,N,,,,,,,,01,RESTAURANTES,PIZZAS,A,PIZ,ALIMENTOS,PIZZAS,8,11574.07,02,PLATO FUERTE,,,,,
701093,MITADA JAMON Y QUESO MEDIANA,U,N,,11000,1,0,83476,COMEDO,N,N,PIZZAS,S,S,0,,S,FALSO,S,N,N,,,,,,,,01,RESTAURANTES,PIZZAS,A,PIZ,ALIMENTOS,PIZZAS,8,10185.19,02,PLATO FUERTE,,,,,
700599,MONKEY,B,N,,250000,112640.54,0,21354,COMEDO,N,N,WHISKYS,N,S,0,,S,FALSO,S,N,N,,,,,,,,02,BARES,WHISKYS,B,WHI,BEBIDAS,WHISKYS,8,231481.48,04,BEBIDAS,,,,,
700311,NEW YORK STEAK,P,N,,75000,54536.12,0,31771,COMEDO,N,N,CARNES ROJAS,S,S,0,,S,FALSO,S,N,N,,,,,,,,01,RESTAURANTES,CARNES ROJAS,A,CR,ALIMENTOS,CARNES ROJAS,8,69444.44,02,PLATO FUERTE,,,,,
700805,NUGGETS DE POLLO,U,N,,20000,4602.59,0,42045,COMEDO,N,N,ENTRADAS CALIENTES,S,S,0,,N,FALSO,S,N,N,,,,,,,,01,RESTAURANTES,ENTRADAS CALIENTES,A,EC,ALIMENTOS,ENTRADAS CALIENTES,8,18518.52,01,ENTRADA,,,,,
700225,OLD PARR 12 A헲S 500 ML,B,N,,140000,83859.31,0,397,COMEDO,N,N,WHISKYS,S,S,0,,S,FALSO,S,N,N,,,,,,,,02,BARES,WHISKYS,B,WHI,BEBIDAS,WHISKYS,8,129629.63,04,BEBIDAS,,,,,
700226,OLD PARR 12 A헲S 750 ML,B,N,,190000,117353.28,0,398,COMEDO,N,N,WHISKYS,N,S,0,,S,VERDADERO,S,N,N,,,,,,,,02,BARES,WHISKYS,B,WHI,BEBIDAS,WHISKYS,8,175925.93,04,BEBIDAS,,,,,
700222,OLD PARR 18 A헲S,B,N,,350000,222771.31,0,407,COMEDO,N,N,WHISKYS,N,S,0,,S,FALSO,S,N,N,,,,,,,,02,BARES,WHISKYS,B,WHI,BEBIDAS,WHISKYS,8,324074.07,04,BEBIDAS,,,,,
700220,OLD PARR SUPERIOR,B,N,,280000,149208.89,0,401,COMEDO,N,N,WHISKYS,S,S,0,,S,FALSO,S,N,N,,,,,,,,02,BARES,WHISKYS,B,WHI,BEBIDAS,WHISKYS,8,259259.26,04,BEBIDAS,,,,,
700221,OLD PARR TRIBUTE,B,N,,140000,106598,0,404,COMEDO,N,N,WHISKYS,S,S,0,,S,FALSO,S,N,N,,,,,,,,02,BARES,WHISKYS,B,WHI,BEBIDAS,WHISKYS,8,129629.63,04,BEBIDAS,,,,,
700572,PALETA ALOHA MIX SURTIDA,U,N,,2000,1374.92,0,21123,COMEDO,N,N,HELADOS,N,S,0,,S,FALSO,S,N,N,,,,,,,,01,RESTAURANTES,HELADOS,A,HEL,ALIMENTOS,HELADOS,8,1851.85,03,POSTRE,,,24090101,,
700511,PALETA ARTESANAL,U,N,,2500,1989.62,0,354,COMEDO,N,N,HELADOS,S,S,0,,S,VERDADERO,S,N,N,,,,,,,,01,RESTAURANTES,HELADOS,A,HEL,ALIMENTOS,HELADOS,8,2314.81,03,POSTRE,,,24090101,,
700513,PALETA CASERA,U,N,,2000,1454.19,0,344,COMEDO,N,N,HELADOS,N,S,0,,S,FALSO,S,N,N,,,,,,,,01,RESTAURANTES,HELADOS,A,HEL,ALIMENTOS,HELADOS,8,1851.85,03,POSTRE,,,24090101,,
700514,PALETA CHOCOLISTO,U,N,,2000,1452.91,0,350,COMEDO,N,N,HELADOS,N,S,0,,S,VERDADERO,S,N,N,,,,,,,,01,RESTAURANTES,HELADOS,A,HEL,ALIMENTOS,HELADOS,8,1851.85,03,POSTRE,,,24090101,,
701038,PALETA DRACULA,U,N,,5000,3441,0,72958,COMEDO,N,N,HELADOS,N,S,0,,S,FALSO,S,N,N,,,,,,,,01,RESTAURANTES,HELADOS,A,HEL,ALIMENTOS,HELADOS,8,4629.63,03,POSTRE,,,,,
700515,PALETA JET,U,N,,3000,2789.36,0,352,COMEDO,N,N,HELADOS,N,S,0,,S,VERDADERO,S,N,N,,,,,,,,01,RESTAURANTES,HELADOS,A,HEL,ALIMENTOS,HELADOS,8,2777.78,03,POSTRE,,,,,
700508,PALETA POLET,U,N,,4000,3546.2,0,348,COMEDO,N,N,HELADOS,N,S,0,,S,FALSO,S,N,N,,,,,,,,01,RESTAURANTES,HELADOS,A,HEL,ALIMENTOS,HELADOS,8,3703.7,03,POSTRE,,,,,
700516,PALETA TOSH FRUTI,U,N,,2500,2000.36,0,346,COMEDO,N,N,HELADOS,N,S,0,,S,VERDADERO,S,N,N,,,,,,,,01,RESTAURANTES,HELADOS,A,HEL,ALIMENTOS,HELADOS,8,2314.81,03,POSTRE,,,,,
700951,PALETA TOSH PASION,U,N,,3000,2381.19,0,62496,COMEDO,N,N,HELADOS,N,S,0,,N,FALSO,S,N,N,,,,,,,,01,RESTAURANTES,HELADOS,A,HEL,ALIMENTOS,HELADOS,8,2777.78,03,POSTRE,,,,,
700655,PAN DE LA CASA,U,N,,2000,959.7,0,31605,COMEDO,N,N,ACOMPA헤MIENTOS Y/O ADICIONALES,N,S,0,,S,FALSO,S,N,N,,,,,,,,01,RESTAURANTES,ACOMPA헤MIENTOS Y/O ADICIONALES,A,AOA,ALIMENTOS,ACOMPA헤MIENTOS Y/O ADICIONALS,8,1851.85,01,ENTRADA,,,,,
700039,PAN GRATINADO,P,N,,3000,2423.97,0,10692,COMEDO,N,N,ACOMPA헤MIENTOS Y/O ADICIONALES,S,S,0,,S,FALSO,S,N,N,,,,,,,,01,RESTAURANTES,ACOMPA헤MIENTOS Y/O ADICIONALES,A,AOA,ALIMENTOS,ACOMPA헤MIENTOS Y/O ADICIONALS,8,2777.78,02,PLATO FUERTE,,,24090101,,
700052,PAPA DE LA CASA,P,N,,5000,2942.68,0,687,COMEDO,N,N,ACOMPA헤MIENTOS Y/O ADICIONALES,S,S,0,,S,FALSO,S,N,N,,,,,,,,01,RESTAURANTES,ACOMPA헤MIENTOS Y/O ADICIONALES,A,AOA,ALIMENTOS,ACOMPA헤MIENTOS Y/O ADICIONALS,8,4629.63,02,PLATO FUERTE,,,,,
700004,PAPAS A LA FRANCESA COMEDOR,P,N,,5000,2091.48,0,586,COMEDO,N,N,ACOMPA헤MIENTOS Y/O ADICIONALES,N,S,0,,S,FALSO,S,N,N,,,,,,,,01,RESTAURANTES,ACOMPA헤MIENTOS Y/O ADICIONALES,A,AOA,ALIMENTOS,ACOMPA헤MIENTOS Y/O ADICIONALS,8,4629.63,02,PLATO FUERTE,,,,,
700040,PAPAS AL VAPOR,P,N,,5000,3173.95,0,686,COMEDO,N,N,ACOMPA헤MIENTOS Y/O ADICIONALES,S,S,0,,S,VERDADERO,S,N,N,,,,,,,,01,RESTAURANTES,ACOMPA헤MIENTOS Y/O ADICIONALES,A,AOA,ALIMENTOS,ACOMPA헤MIENTOS Y/O ADICIONALS,8,4629.63,02,PLATO FUERTE,,,,,
700355,PAPAS MARGARITAS,U,N,,2000,1389.56,0,128,COMEDO,N,N,MEKATOS,S,S,0,,S,VERDADERO,S,N,N,,,,,,,,01,RESTAURANTES,MEKATOS,A,MEK,ALIMENTOS,MEKATOS,8,1851.85,03,POSTRE,,,24090101,,
701042,PAPAS MONTEROJO 115GR,U,N,,10000,7499.64,0,72970,COMEDO,N,N,MEKATOS,N,S,0,,S,FALSO,S,N,N,,,,,,,,01,RESTAURANTES,MEKATOS,A,MEK,ALIMENTOS,MEKATOS,8,9259.26,03,POSTRE,,,,,
701041,PAPAS MONTEROJO 25G,U,N,,3000,2175.36,0,72966,COMEDO,N,N,MEKATOS,N,S,0,,S,FALSO,S,N,N,,,,,,,,01,RESTAURANTES,MEKATOS,A,MEK,ALIMENTOS,MEKATOS,8,2777.78,03,POSTRE,,,,,
700970,PARRILLADA CRIOLLA,P,N,,40000,19389.82,0,62562,COMEDO,N,N,SUGERENCIA CHEFF,N,S,0,,S,FALSO,S,N,N,,,,,,,,01,RESTAURANTES,SUGERENCIA CHEFF,A,SUC,ALIMENTOS,SUGERENCIA CHEFF,8,37037.04,02,PLATO FUERTE,,,,,
700128,PASTA FUSILLI,P,N,,10000,4849.72,0,20708,COMEDO,N,N,PASTAS,S,S,0,,S,FALSO,S,N,N,,,,,,,,01,RESTAURANTES,PASTAS,A,PAS,ALIMENTOS,PASTAS,8,9259.26,02,PLATO FUERTE,,,24090101,,
700130,PASTA SPAGHETTI,P,N,,10000,4889.81,0,20707,COMEDO,N,N,PASTAS,S,S,0,,S,VERDADERO,S,N,N,,,,,,,,01,RESTAURANTES,PASTAS,A,PAS,ALIMENTOS,PASTAS,8,9259.26,02,PLATO FUERTE,,,24090101,,
700042,PATACONES,P,N,,5000,2934.39,0,603,COMEDO,N,N,ACOMPA헤MIENTOS Y/O ADICIONALES,S,S,0,,S,FALSO,S,N,N,,,,,,,,01,RESTAURANTES,ACOMPA헤MIENTOS Y/O ADICIONALES,A,AOA,ALIMENTOS,ACOMPA헤MIENTOS Y/O ADICIONALS,8,4629.63,02,PLATO FUERTE,,,,,
700284,PAVE,U,N,,10000,5833.33,0,288,COMEDO,N,N,POSTRES RESTAURANTE,S,S,0,,S,FALSO,S,N,N,,,,,,,,01,RESTAURANTES,POSTRES RESTAURANTE,A,POS,ALIMENTOS,POSTRES,8,9259.26,03,POSTRE,,,24090101,,
700524,PAVO EN SALSA DE FRUTOS ROJOS,P,N,,59400,22769.37,0,21167,COMEDO,N,N,EVENTOS CLUB,N,S,0,,S,VERDADERO,S,N,N,,,,,,,,03,EVENTOS,EVENTOS CLUB,E,EVC,EVENTOS,EVENTOS CLUB,8,55000,02,PLATO FUERTE,,,,,
700979,PECHUGA A LA PLANCHA JUNIOR,P,N,,18000,5685.38,0,62632,COMEDO,N,N,AVES,N,S,0,,S,FALSO,S,N,N,,,,,,,,01,RESTAURANTES,AVES,A,AV,ALIMENTOS,AVES,8,16666.67,02,PLATO FUERTE,,,,,
700002,PECHUGA GRILLE,P,N,,20000,6604.31,0,617,COMEDO,N,N,AVES,S,S,0,,S,FALSO,S,N,N,,,,,,,,01,RESTAURANTES,AVES,A,AV,ALIMENTOS,AVES,8,18518.52,02,PLATO FUERTE,,,24090101,,
700184,PECHUGA PARMESANA,P,N,,32000,16270.21,0,634,COMEDO,N,N,AVES,S,S,0,,S,FALSO,S,N,N,,,,,,,,01,RESTAURANTES,AVES,A,AV,ALIMENTOS,AVES,8,29629.63,02,PLATO FUERTE,,,24090101,,
700092,PERRO CLUB VALLEDUPAR,P,N,,15000,8715.39,0,21175,COMEDO,N,N,PERROS CALIENTES,S,S,0,,S,FALSO,S,N,N,,,,,,,,01,RESTAURANTES,PERROS CALIENTES,A,PC,ALIMENTOS,PERROS CALIENTES,8,13888.89,02,PLATO FUERTE,,,24090101,,
700093,PERRO SENCILLO,P,N,,10000,4447.14,0,20769,COMEDO,N,N,PERROS CALIENTES,N,S,0,,S,FALSO,S,N,N,,,,,,,,01,RESTAURANTES,PERROS CALIENTES,A,PC,ALIMENTOS,PERROS CALIENTES,8,9259.26,02,PLATO FUERTE,,,24090101,,
700044,PICADA MIXTA,P,N,,45000,22470.33,0,20754,COMEDO,N,N,CARNES ROJAS,S,S,0,,S,FALSO,S,N,N,,,,,,,,01,RESTAURANTES,CARNES ROJAS,A,CR,ALIMENTOS,CARNES ROJAS,8,41666.67,02,PLATO FUERTE,,,24090101,,
701078,PIZZA EXTRA GRANDE,U,N,,0,0,0,No,COMEDO,N,N,ARMA LA PIZZA,S,S,0,,S,FALSO,S,N,N,,,,,,,,01,RESTAURANTES,ARMA LA PIZZA,A,PIZ,ALIMENTOS,PIZZAS,8,0,02,PLATO FUERTE,,,,,
700088,PIZZA EXTRA GRANDE CARNES FRIAS,P,N,,60000,40266.18,0,21341,COMEDO,N,N,PIZZA ENTERA,S,S,0,,S,FALSO,S,N,N,,,,,,,,01,RESTAURANTES,PIZZA ENTERA,A,PIZ,ALIMENTOS,PIZZAS,8,55555.56,02,PLATO FUERTE,,,,,
700099,PIZZA EXTRA GRANDE HAWAINA,P,N,,55000,31981.58,0,21091,COMEDO,N,N,PIZZA ENTERA,S,S,0,,S,VERDADERO,S,N,N,,,,,,,,01,RESTAURANTES,PIZZA ENTERA,A,PIZ,ALIMENTOS,PIZZAS,8,50925.93,02,PLATO FUERTE,,,24090101,,
700096,PIZZA EXTRA GRANDE JAMON Y QUESO,P,N,,50000,29223.72,0,20779,COMEDO,N,N,PIZZA ENTERA,S,S,0,,S,FALSO,S,N,N,,,,,,,,01,RESTAURANTES,PIZZA ENTERA,A,PIZ,ALIMENTOS,PIZZAS,8,46296.3,02,PLATO FUERTE,,,24090101,,
700090,PIZZA EXTRA GRANDE MARGARITA,P,N,,42000,22456.58,0,21362,COMEDO,N,N,PIZZA ENTERA,S,S,0,,S,FALSO,S,N,N,,,,,,,,01,RESTAURANTES,PIZZA ENTERA,A,PIZ,ALIMENTOS,PIZZAS,8,38888.89,02,PLATO FUERTE,,,,,
701077,PIZZA GRANDE,U,N,,0,0,0,No,COMEDO,N,N,ARMA LA PIZZA,S,S,0,,S,FALSO,S,N,N,,,,,,,,01,RESTAURANTES,ARMA LA PIZZA,A,PIZ,ALIMENTOS,PIZZAS,8,0,02,PLATO FUERTE,,,,,
700087,PIZZA GRANDE CARNES FRIAS,P,N,,45000,20775.67,0,20776,COMEDO,N,N,PIZZA ENTERA,S,S,0,,S,FALSO,S,N,N,,,,,,,,01,RESTAURANTES,PIZZA ENTERA,A,PIZ,ALIMENTOS,PIZZAS,8,41666.67,02,PLATO FUERTE,,,,,
700098,PIZZA GRANDE HAWAINA,P,N,,40000,23659.31,0,20775,COMEDO,N,N,PIZZA ENTERA,S,S,0,,S,VERDADERO,S,N,N,,,,,,,,01,RESTAURANTES,PIZZA ENTERA,A,PIZ,ALIMENTOS,PIZZAS,8,37037.04,02,PLATO FUERTE,,,24090101,,
700100,PIZZA GRANDE JAMON Y QUESO,P,N,,38000,21117.79,0,20777,COMEDO,N,N,PIZZA ENTERA,S,S,0,,S,VERDADERO,S,N,N,,,,,,,,01,RESTAURANTES,PIZZA ENTERA,A,PIZ,ALIMENTOS,PIZZAS,8,35185.19,02,PLATO FUERTE,,,24090101,,
700089,PIZZA GRANDE MARGARITA,P,N,,34000,18126.75,0,31806,COMEDO,N,N,PIZZA ENTERA,S,S,0,,S,FALSO,S,N,N,,,,,,,,01,RESTAURANTES,PIZZA ENTERA,A,PIZ,ALIMENTOS,PIZZAS,8,31481.48,02,PLATO FUERTE,,,,,
700076,PIZZA GRANDE POLLO Y CHAMPI헲NES,P,N,,42000,22023.07,0,20778,COMEDO,N,N,PIZZA ENTERA,S,S,0,,S,FALSO,S,N,N,,,,,,,,01,RESTAURANTES,PIZZA ENTERA,A,PIZ,ALIMENTOS,PIZZAS,8,38888.89,02,PLATO FUERTE,,,,,
701076,PIZZA MEDIANA,U,N,,0,0,0,No,COMEDO,N,N,ARMA LA PIZZA,S,S,0,,S,FALSO,S,N,N,,,,,,,,01,RESTAURANTES,ARMA LA PIZZA,A,PIZ,ALIMENTOS,PIZZAS,8,0,02,PLATO FUERTE,,,,,
700086,PIZZA MEDIANA CARNES FRIAS,P,N,,30000,18233.95,0,20774,COMEDO,N,N,PIZZA ENTERA,S,S,0,,S,FALSO,S,N,N,,,,,,,,01,RESTAURANTES,PIZZA ENTERA,A,PIZ,ALIMENTOS,PIZZAS,8,27777.78,02,PLATO FUERTE,,,,,
700097,PIZZA MEDIANA HAWAINA,P,N,,25000,14536.21,0,20772,COMEDO,N,N,PIZZA ENTERA,S,S,0,,S,FALSO,S,N,N,,,,,,,,01,RESTAURANTES,PIZZA ENTERA,A,PIZ,ALIMENTOS,PIZZAS,8,23148.15,02,PLATO FUERTE,,,24090101,,
700101,PIZZA MEDIANA JAMON Y QUESO,P,N,,22000,12792.26,0,21105,COMEDO,N,N,PIZZA ENTERA,S,S,0,,S,FALSO,S,N,N,,,,,,,,01,RESTAURANTES,PIZZA ENTERA,A,PIZ,ALIMENTOS,PIZZAS,8,20370.37,02,PLATO FUERTE,,,24090101,,
700078,PIZZA MEDIANA MARGARITA,P,N,,22000,11172.91,0,20773,COMEDO,N,N,PIZZA ENTERA,S,S,0,,S,FALSO,S,N,N,,,,,,,,01,RESTAURANTES,PIZZA ENTERA,A,PIZ,ALIMENTOS,PIZZAS,8,20370.37,02,PLATO FUERTE,,,,,
700075,PIZZA MEDIANA POLLO Y CHAMPI헲NES,P,N,,25000,13005.86,0,21465,COMEDO,N,N,PIZZA ENTERA,S,S,0,,S,FALSO,S,N,N,,,,,,,,01,RESTAURANTES,PIZZA ENTERA,A,PIZ,ALIMENTOS,PIZZAS,8,23148.15,02,PLATO FUERTE,,,24090101,,
700319,PLATANITO MONT.ROJO 25GR,U,N,,3000,2175.33,0,73161,COMEDO,N,N,MEKATOS,S,S,0,,S,FALSO,S,N,N,,,,,,,,01,RESTAURANTES,MEKATOS,A,MEK,ALIMENTOS,MEKATOS,8,2777.78,03,POSTRE,,,,,
700359,PLATANITOS NATUCHIPS,U,N,,2000,1724.31,0,132,COMEDO,N,N,MEKATOS,S,S,0,,S,FALSO,S,N,N,,,,,,,,01,RESTAURANTES,MEKATOS,A,MEK,ALIMENTOS,MEKATOS,8,1851.85,03,POSTRE,,,24090101,,
701044,PLATANO MONTEROJO 120 GR,U,N,,10000,7467.22,0,72971,COMEDO,N,N,MEKATOS,N,S,0,,S,FALSO,S,N,N,,,,,,,,01,RESTAURANTES,MEKATOS,A,MEK,ALIMENTOS,MEKATOS,8,9259.26,03,POSTRE,,,,,
700301,PLATO DEDITOS,P,N,,20000,7506.52,0,73169,COMEDO,N,N,ENTRADAS CALIENTES,S,S,0,,S,FALSO,S,N,N,,,,,,,,01,RESTAURANTES,ENTRADAS CALIENTES,A,EC,ALIMENTOS,ENTRADAS CALIENTES,8,18518.52,03,POSTRE,,,,,
700147,PLATO EMPANADITAS,P,N,,20000,10758.13,0,73160,COMEDO,N,N,ENTRADAS CALIENTES,S,S,0,,N,FALSO,S,N,N,,,,,,,,01,RESTAURANTES,ENTRADAS CALIENTES,A,EC,ALIMENTOS,ENTRADAS CALIENTES,8,18518.52,02,PLATO FUERTE,,,,,
700041,PLATO PASABOCAS,P,N,,20000,6720.83,0,20751,COMEDO,N,N,ENTRADAS CALIENTES,S,S,0,,S,FALSO,S,N,N,,,,,,,,01,RESTAURANTES,ENTRADAS CALIENTES,A,EC,ALIMENTOS,ENTRADAS CALIENTES,8,18518.52,02,PLATO FUERTE,,,24090101,,
AP0012,POLLO A LA JARDINERA,U,N,,5200,6040.69,0,72896,COMEDO,N,N,OTROS,N,S,0,,N,FALSO,S,N,N,,,,,,,,01,RESTAURANTES,OTROS,A,APE,ALIMENTOS,ALMUERZO PERSONAL,0,5200,02,PLATO FUERTE,,,,,
700719,POLLO ARABE,P,N,,26000,10963.29,0,31815,COMEDO,N,N,SUGERENCIA CHEFF,S,S,0,,S,FALSO,S,N,N,,,,,,,,01,RESTAURANTES,SUGERENCIA CHEFF,A,SUC,ALIMENTOS,SUGERENCIA CHEFF,8,24074.07,02,PLATO FUERTE,,,,,
700347,PONY MALTA,B,N,,3000,1244.3,0,467,COMEDO,N,N,BEBIDAS NO ALCOHOLICAS,S,S,0,,S,FALSO,S,N,N,,,,,,,,02,BARES,BEBIDAS NO ALCOHOLICAS,B,AYG,BEBIDAS,AGUAS Y GASEOSAS,8,2777.78,04,BEBIDAS,,,,,
700348,PONY MALTA MINI,B,N,,2500,1244.3,0,467,COMEDO,N,N,BEBIDAS NO ALCOHOLICAS,S,S,0,,S,VERDADERO,S,N,N,,,,,,,,02,BARES,BEBIDAS NO ALCOHOLICAS,B,AYG,BEBIDAS,AGUAS Y GASEOSAS,8,2314.81,04,BEBIDAS,,,,,
700035,PORCION BARRA ENSALADA,P,N,,15000,4535.07,0,20702,COMEDO,N,N,ACOMPA헤MIENTOS Y/O ADICIONALES,S,S,0,,S,FALSO,S,N,N,,,,,,,,01,RESTAURANTES,ACOMPA헤MIENTOS Y/O ADICIONALES,A,AOA,ALIMENTOS,ACOMPA헤MIENTOS Y/O ADICIONALS,8,13888.89,02,PLATO FUERTE,,,,,
701061,PORCION CHICHARON EVENTO,P,N,,15000,7636.49,0,62595,COMEDO,N,N,EVENTOS CLUB,N,S,0,,N,FALSO,S,N,N,,,,,,,,03,EVENTOS,EVENTOS CLUB,E,EVC,EVENTOS,EVENTOS CLUB,8,13888.89,02,PLATO FUERTE,,,,,
700034,PORCION DE CAMARONES,P,N,,15000,8183.16,0,20686,COMEDO,N,N,ACOMPA헤MIENTOS Y/O ADICIONALES,S,S,0,,S,FALSO,S,N,N,,,,,,,,01,RESTAURANTES,ACOMPA헤MIENTOS Y/O ADICIONALES,A,AOA,ALIMENTOS,ACOMPA헤MIENTOS Y/O ADICIONALS,8,13888.89,02,PLATO FUERTE,,,,,
700045,PORCION ENSALADA,P,N,,5000,1198.02,0,597,COMEDO,N,N,ACOMPA헤MIENTOS Y/O ADICIONALES,S,S,0,,S,FALSO,S,N,N,,,,,,,,01,RESTAURANTES,ACOMPA헤MIENTOS Y/O ADICIONALES,A,AOA,ALIMENTOS,ACOMPA헤MIENTOS Y/O ADICIONALS,8,4629.63,02,PLATO FUERTE,,,,,
700050,PORCION MARISCOS,P,N,,22000,9811.05,0,20687,COMEDO,N,N,ACOMPA헤MIENTOS Y/O ADICIONALES,S,S,0,,S,FALSO,S,N,N,,,,,,,,01,RESTAURANTES,ACOMPA헤MIENTOS Y/O ADICIONALES,A,AOA,ALIMENTOS,ACOMPA헤MIENTOS Y/O ADICIONALS,8,20370.37,02,PLATO FUERTE,,,,,
700864,POSTRE TRES LECHES,U,N,,10000,5833.33,0,42211,COMEDO,N,N,POSTRES RESTAURANTE,N,S,0,,S,FALSO,S,N,N,,,,,,,,01,RESTAURANTES,POSTRES RESTAURANTE,A,POS,ALIMENTOS,POSTRES,8,9259.26,03,POSTRE,,,,,
700172,PUNTA DE LOMO A LAS TRES PIMIENTAS,P,N,,48000,20448.89,0,651,COMEDO,N,N,CARNES ROJAS,S,S,0,,S,FALSO,S,N,N,,,,,,,,01,RESTAURANTES,CARNES ROJAS,A,CR,ALIMENTOS,CARNES ROJAS,8,44444.44,02,PLATO FUERTE,,,24090101,,
700174,PUNTA GORDA ANGUS A LA PARRILLA,P,N,,75000,46295.54,0,653,COMEDO,N,N,CARNES ROJAS,S,S,0,,S,FALSO,S,N,N,,,,,,,,01,RESTAURANTES,CARNES ROJAS,A,CR,ALIMENTOS,CARNES ROJAS,8,69444.44,02,PLATO FUERTE,,,,,
700009,QUESO CRIOLLO,P,N,,3000,2650,0,20695,COMEDO,N,N,ACOMPA헤MIENTOS Y/O ADICIONALES,S,S,0,,S,FALSO,S,N,N,,,,,,,,01,RESTAURANTES,ACOMPA헤MIENTOS Y/O ADICIONALES,A,AOA,ALIMENTOS,ACOMPA헤MIENTOS Y/O ADICIONALS,8,2777.78,02,PLATO FUERTE,,,,,
700047,QUESO PARMESANO,P,N,,4000,3736.29,0,21195,COMEDO,N,N,ACOMPA헤MIENTOS Y/O ADICIONALES,S,S,0,,S,VERDADERO,S,N,N,,,,,,,,01,RESTAURANTES,ACOMPA헤MIENTOS Y/O ADICIONALES,A,AOA,ALIMENTOS,ACOMPA헤MIENTOS Y/O ADICIONALS,8,3703.7,02,PLATO FUERTE,,,24090101,,
700014,QUESO TAJADO,P,N,,2000,613.87,0,20696,COMEDO,N,N,ACOMPA헤MIENTOS Y/O ADICIONALES,S,S,0,,S,FALSO,S,N,N,,,,,,,,01,RESTAURANTES,ACOMPA헤MIENTOS Y/O ADICIONALES,A,AOA,ALIMENTOS,ACOMPA헤MIENTOS Y/O ADICIONALS,8,1851.85,02,PLATO FUERTE,,,24090101,,
700244,RED BULL,B,N,,10000,4702.41,0,476,COMEDO,N,N,BEBIDAS NO ALCOHOLICAS,S,S,0,,N,FALSO,S,N,N,,,,,,,,02,BARES,BEBIDAS NO ALCOHOLICAS,B,AYG,BEBIDAS,AGUAS Y GASEOSAS,8,9259.26,04,BEBIDAS,,,24090101,,
700152,RIBEYE NACIONAL AL CARBON,P,N,,50000,24896.29,0,73354,COMEDO,N,N,SUGERENCIA CHEFF,S,S,0,,S,FALSO,S,N,N,,,,,,,,01,RESTAURANTES,SUGERENCIA CHEFF,A,SUC,ALIMENTOS,SUGERENCIA CHEFF,8,46296.3,02,PLATO FUERTE,,,,,
700192,ROBALO A LAS FINAS HIERBAS,P,N,,45000,18270.38,0,664,COMEDO,N,N,PESCADOS,S,S,0,,S,FALSO,S,N,N,,,,,,,,01,RESTAURANTES,PESCADOS,A,PES,ALIMENTOS,PESCADOS,8,41666.67,02,PLATO FUERTE,,,,,
700203,ROBALO AL AJILLO,P,N,,40000,18700.12,0,668,COMEDO,N,N,PESCADOS,S,S,0,,S,VERDADERO,S,N,N,,,,,,,,01,RESTAURANTES,PESCADOS,A,PES,ALIMENTOS,PESCADOS,8,37037.04,02,PLATO FUERTE,,,,,
700191,ROBALO GRILLE,P,N,,40000,17099.35,0,671,COMEDO,N,N,PESCADOS,S,S,0,,S,FALSO,S,N,N,,,,,,,,01,RESTAURANTES,PESCADOS,A,PES,ALIMENTOS,PESCADOS,8,37037.04,02,PLATO FUERTE,,,24090101,,
700257,RON MEDELLIN 375 ML,B,N,,60000,18543.58,0,371,COMEDO,N,N,RONES,S,S,0,,S,VERDADERO,S,N,N,,,,,,,,02,BARES,RONES,B,RON,BEBIDAS,RONES,8,55555.56,04,BEBIDAS,,,,,
700261,RON MEDELLIN 750 ML,B,N,,100000,34325.41,0,372,COMEDO,N,N,RONES,S,S,0,,S,FALSO,S,N,N,,,,,,,,02,BARES,RONES,B,RON,BEBIDAS,RONES,8,92592.59,04,BEBIDAS,,,,,
700259,RON PAMPERO,B,N,,120000,79183,0,374,COMEDO,N,N,RONES,S,S,0,,S,FALSO,S,N,N,,,,,,,,02,BARES,RONES,B,RON,BEBIDAS,RONES,8,111111.11,04,BEBIDAS,,,,,
700260,RON SANTERO CARTA BLANCA,B,N,,55000,32400,0,375,COMEDO,N,N,RONES,S,S,0,,S,FALSO,S,N,N,,,,,,,,02,BARES,RONES,B,RON,BEBIDAS,RONES,8,50925.93,04,BEBIDAS,,,,,
700258,RON ZACAPA,B,N,,200000,95854,0,373,COMEDO,N,N,RONES,S,S,0,,S,FALSO,S,N,N,,,,,,,,02,BARES,RONES,B,RON,BEBIDAS,RONES,8,185185.19,04,BEBIDAS,,,,,
700016,SALAMI,P,N,,3000,2081.49,0,20693,COMEDO,N,N,ACOMPA헤MIENTOS Y/O ADICIONALES,S,S,0,,S,FALSO,S,N,N,,,,,,,,01,RESTAURANTES,ACOMPA헤MIENTOS Y/O ADICIONALES,A,AOA,ALIMENTOS,ACOMPA헤MIENTOS Y/O ADICIONALS,8,2777.78,02,PLATO FUERTE,,,,,
700510,SALCHIPAPA CLUB VALLEDUPAR,P,N,,30000,20330.85,0,20748,COMEDO,N,N,COMIDAS RAPIDAS OTROS,N,S,0,,S,FALSO,S,N,N,,,,,,,,01,RESTAURANTES,COMIDAS RAPIDAS OTROS,A,CRO,ALIMENTOS,COMIDAS RAPIDAS OTROS,8,27777.78,02,PLATO FUERTE,,,24090101,,
700509,SALCHIPAPA SENCILLA,B,N,,18000,11246.64,0,20747,COMEDO,N,N,COMIDAS RAPIDAS OTROS,N,S,0,,S,VERDADERO,S,N,N,,,,,,,,01,RESTAURANTES,COMIDAS RAPIDAS OTROS,A,CRO,ALIMENTOS,COMIDAS RAPIDAS OTROS,8,16666.67,04,BEBIDAS,,,24090101,,
700199,SALMON  SALSA SWEETCHILI CON CAMARO,P,N,,60000,25275.91,0,10684,COMEDO,N,N,PESCADOS,S,S,0,,S,FALSO,S,N,N,,,,,,,,01,RESTAURANTES,PESCADOS,A,PES,ALIMENTOS,PESCADOS,8,55555.56,02,PLATO FUERTE,,,24090101,,
700200,SALMON A LA PARRILLA,P,N,,50000,20098.35,0,21066,COMEDO,N,N,PESCADOS,S,S,0,,S,FALSO,S,N,N,,,,,,,,01,RESTAURANTES,PESCADOS,A,PES,ALIMENTOS,PESCADOS,8,46296.3,02,PLATO FUERTE,,,24090101,,
700198,SALMON A LAS FINAS HIERBAS,P,N,,55000,22549.4,0,10685,COMEDO,N,N,PESCADOS,S,S,0,,S,FALSO,S,N,N,,,,,,,,01,RESTAURANTES,PESCADOS,A,PES,ALIMENTOS,PESCADOS,8,50925.93,02,PLATO FUERTE,,,24090101,,
700459,SALSA BOLOGNESA,P,N,,15000,14.6,0,624,COMEDO,N,N,PASTAS,S,S,0,,S,FALSO,S,N,N,,,,,,,,01,RESTAURANTES,PASTAS,A,PAS,ALIMENTOS,PASTAS,8,13888.89,02,PLATO FUERTE,,,24090101,,
700458,SALSA CARBONARA,P,N,,15000,7526.23,0,21055,COMEDO,N,N,PASTAS,S,S,0,,S,FALSO,S,N,N,,,,,,,,01,RESTAURANTES,PASTAS,A,PAS,ALIMENTOS,PASTAS,8,13888.89,02,PLATO FUERTE,,,24090101,,
700456,SALSA NAPOLITANA CON POLLO,P,N,,15000,7505.77,0,21119,COMEDO,N,N,PASTAS,S,S,0,,S,FALSO,S,N,N,,,,,,,,01,RESTAURANTES,PASTAS,A,PAS,ALIMENTOS,PASTAS,8,13888.89,02,PLATO FUERTE,,,24090101,,
700110,SANDWICH COMBINADO,P,N,,5000,2255.29,0,20742,COMEDO,N,N,SANDWICHS,S,S,0,,S,VERDADERO,S,N,N,,,,,,,,01,RESTAURANTES,SANDWICHS,A,SAN,ALIMENTOS,SANDWICHS,8,4629.63,02,PLATO FUERTE,,,24090101,,
700335,SANDWICH CON VERDURA,P,N,,7000,3518.82,0,83458,COMEDO,N,N,SANDWICHS,S,S,0,,S,FALSO,S,N,N,,,,,,,,01,RESTAURANTES,SANDWICHS,A,SAN,ALIMENTOS,SANDWICHS,8,6481.48,02,PLATO FUERTE,,,24090101,,
700127,SANDWICH DE POLLO,P,N,,15000,6693.09,0,20745,COMEDO,N,N,SANDWICHS,S,S,0,,S,FALSO,S,N,N,,,,,,,,01,RESTAURANTES,SANDWICHS,A,SAN,ALIMENTOS,SANDWICHS,8,13888.89,02,PLATO FUERTE,,,24090101,,
700125,SANDWICH DE POLLO GRATINADO,P,N,,20000,8090.72,0,20743,COMEDO,N,N,SANDWICHS,S,S,0,,S,FALSO,S,N,N,,,,,,,,01,RESTAURANTES,SANDWICHS,A,SAN,ALIMENTOS,SANDWICHS,8,18518.52,02,PLATO FUERTE,,,24090101,,
701063,SANGRIA  LOLEA TINTO,B,N,,100000,43424.25,0,72988,COMEDO,N,N,VINOS ESPUMOSOS,N,S,0,,S,FALSO,S,N,N,,,,,,,,02,BARES,VINOS ESPUMOSOS,B,V,BEBIDAS,VINOS,8,92592.59,04,BEBIDAS,,,,,
701062,SANGRIA LOLEA BLANCA,B,N,,100000,43425,0,72989,COMEDO,N,N,VINOS ESPUMOSOS,N,S,0,,S,FALSO,S,N,N,,,,,,,,02,BARES,VINOS ESPUMOSOS,B,V,BEBIDAS,VINOS,8,92592.59,04,BEBIDAS,,,,,
700317,SMIRNOFF ICE,B,N,,14000,7108,0,21434,COMEDO,N,N,CERVEZA NACIONAL,S,S,0,,S,FALSO,S,N,N,,,,,,,,02,BARES,CERVEZA NACIONAL,B,CV,BEBIDAS,CERVEZA NACIONAL,8,12962.96,04,BEBIDAS,,,,,
700247,SODA,B,N,,4000,1944.13,0,466,COMEDO,N,N,BEBIDAS NO ALCOHOLICAS,N,S,0,,N,FALSO,S,N,N,,,,,,,,02,BARES,BEBIDAS NO ALCOHOLICAS,B,AYG,BEBIDAS,AGUAS Y GASEOSAS,8,3703.7,04,BEBIDAS,41402002,,24090101,,
701046,SODA HATSU,B,N,,5000,2458.33,0,72990,COMEDO,N,N,BEBIDAS NO ALCOHOLICAS,N,S,0,,S,FALSO,S,N,N,,,,,,,,02,BARES,BEBIDAS NO ALCOHOLICAS,B,AYG,BEBIDAS,AGUAS Y GASEOSAS,8,4629.63,04,BEBIDAS,,,,,
700155,SOPA DE PESCADO,P,N,,15000,4618.35,0,695,COMEDO,N,N,SOPAS Y CREMAS,S,S,0,,S,FALSO,S,N,N,,,,,,,,01,RESTAURANTES,SOPAS Y CREMAS,A,SC,ALIMENTOS,SOPAS Y CREMAS,8,13888.89,02,PLATO FUERTE,,,24090101,,
700156,SOPA DE POLLO,P,N,,15000,3400.93,0,694,COMEDO,N,N,SOPAS Y CREMAS,S,S,0,,N,VERDADERO,S,N,N,,,,,,,,01,RESTAURANTES,SOPAS Y CREMAS,A,SC,ALIMENTOS,SOPAS Y CREMAS,8,13888.89,02,PLATO FUERTE,,,24090101,,
700992,SPAGUETTI CARBONARA + JUNIOR,P,N,,15000,7262.73,0,72656,COMEDO,N,N,PASTAS,N,S,0,,S,FALSO,S,N,N,,,,,,,,01,RESTAURANTES,PASTAS,A,PAS,ALIMENTOS,PASTAS,8,13888.89,02,PLATO FUERTE,,,,,
AP0020,SPAGUETTI CON POLLO,U,N,,3000,2763.82,0,72913,COMEDO,N,N,OTROS,N,S,0,,N,FALSO,S,N,N,,,,,,,,01,RESTAURANTES,OTROS,A,APE,ALIMENTOS,ALMUERZO PERSONAL,0,3000,02,PLATO FUERTE,,,,,
700993,SPAGUETTI NAPOLITANA + POLLO JUNIOR,P,N,,15000,7122.62,0,72659,COMEDO,N,N,PASTAS,N,S,0,,S,FALSO,S,N,N,,,,,,,,01,RESTAURANTES,PASTAS,A,PAS,ALIMENTOS,PASTAS,8,13888.89,02,PLATO FUERTE,,,,,
700980,SPAGUETTIS BOLOG헨SA JUNIOR,P,N,,15000,5505.39,0,62635,COMEDO,N,N,PASTAS,N,S,0,,S,FALSO,S,N,N,,,,,,,,01,RESTAURANTES,PASTAS,A,PAS,ALIMENTOS,PASTAS,8,13888.89,02,PLATO FUERTE,,,,,
700170,STEAK PIMIENTA,P,N,,45000,19587.87,0,649,COMEDO,N,N,CARNES ROJAS,S,S,0,,S,FALSO,S,N,N,,,,,,,,01,RESTAURANTES,CARNES ROJAS,A,CR,ALIMENTOS,CARNES ROJAS,8,41666.67,02,PLATO FUERTE,,,24090101,,
700215,STELLA ARTOIS BOTELLA,B,N,,8000,4297.66,0,368,COMEDO,N,N,CERVEZA NACIONAL,S,S,0,,S,VERDADERO,S,N,N,,,,,,,,02,BARES,CERVEZA NACIONAL,B,CV,BEBIDAS,CERVEZA NACIONAL,8,7407.41,04,BEBIDAS,,,24090101,,
700114,SUSHI CALIFORNIA,P,N,,30000,10861.26,0,31833,COMEDO,N,N,MALKIS SUSHI,S,S,0,,S,FALSO,S,N,N,,,,,,,,01,RESTAURANTES,MALKIS SUSHI,A,MS,ALIMENTOS,MALKIS SUSHI,8,27777.78,02,PLATO FUERTE,,,,,
700115,SUSHI ENRRIZADO,P,N,,30000,10797.07,0,20781,COMEDO,N,N,MALKIS SUSHI,S,S,0,,S,VERDADERO,S,N,N,,,,,,,,01,RESTAURANTES,MALKIS SUSHI,A,MS,ALIMENTOS,MALKIS SUSHI,8,27777.78,02,PLATO FUERTE,,,24090101,,
700116,SUSHI FUKUSHIMA,P,N,,35000,17380.05,0,20784,COMEDO,N,N,MALKIS SUSHI,S,S,0,,S,VERDADERO,S,N,N,,,,,,,,01,RESTAURANTES,MALKIS SUSHI,A,MS,ALIMENTOS,MALKIS SUSHI,8,32407.41,02,PLATO FUERTE,,,,,
700117,SUSHI HIGASHI,P,N,,35000,14260.15,0,20782,COMEDO,N,N,MALKIS SUSHI,S,S,0,,S,FALSO,S,N,N,,,,,,,,01,RESTAURANTES,MALKIS SUSHI,A,MS,ALIMENTOS,MALKIS SUSHI,8,32407.41,02,PLATO FUERTE,,,,,
700120,SUSHI PHILADELPHIA,P,N,,35000,16676.79,0,20785,COMEDO,N,N,MALKIS SUSHI,S,S,0,,S,FALSO,S,N,N,,,,,,,,01,RESTAURANTES,MALKIS SUSHI,A,MS,ALIMENTOS,MALKIS SUSHI,8,32407.41,02,PLATO FUERTE,,,24090101,,
700434,T.D TANQUERAY GINEBRA,S,N,,25000,11410.08,0,21192,COMEDO,N,N,GINEBRAS,S,S,0,,S,FALSO,S,N,N,,,,,,,,02,BARES,GINEBRAS,B,GIN,BEBIDAS,GINEBRAS,8,23148.15,04,BEBIDAS,,,,,
700438,T.D TEQUILA JOSE CUERVO BLANCO,S,N,,15000,4139.6,0,20975,COMEDO,N,N,TEQUILAS,S,S,0,,S,FALSO,S,N,N,,,,,,,,02,BARES,TEQUILAS,B,TEQ,BEBIDAS,TEQUILAS,8,13888.89,04,BEBIDAS,,,,,
700439,T.D TEQUILA JOSE CUERVO DORADO,S,N,,15000,4139.6,0,20975,COMEDO,N,N,TEQUILAS,S,S,0,,S,FALSO,S,N,N,,,,,,,,02,BARES,TEQUILAS,B,TEQ,BEBIDAS,TEQUILAS,8,13888.89,04,BEBIDAS,,,,,
700413,T.D. BUCHANANS 18 A헲S,S,N,,48000,14060.24,0,31667,COMEDO,N,N,WHISKYS,S,S,0,,S,FALSO,S,N,N,,,,,,,,02,BARES,WHISKYS,B,WHI,BEBIDAS,WHISKYS,8,44444.44,04,BEBIDAS,,,,,
700411,T.D. BUCHANANS DELUXE 12 A헲S,S,N,,25000,5251.19,0,392,COMEDO,N,N,WHISKYS,S,S,0,,S,FALSO,S,N,N,,,,,,,,02,BARES,WHISKYS,B,WHI,BEBIDAS,WHISKYS,8,23148.15,04,BEBIDAS,,,,,
700231,T.D. BUCHANANS MASTER,S,N,,30000,7145.45,0,395,COMEDO,N,N,WHISKYS,N,S,0,,S,FALSO,S,N,N,,,,,,,,02,BARES,WHISKYS,B,WHI,BEBIDAS,WHISKYS,8,27777.78,04,BEBIDAS,,,,,
700409,T.D. GINEBRA,S,N,,14000,3365.8,0,20986,COMEDO,N,N,GINEBRAS,S,S,0,,S,FALSO,S,N,N,,,,,,,,02,BARES,GINEBRAS,B,GIN,BEBIDAS,GINEBRAS,8,12962.96,04,BEBIDAS,,,,,
700425,T.D. JOHNNIE WALKER BLACK LABEL,S,N,,20000,6179.19,0,62486,COMEDO,N,N,WHISKYS,S,S,0,,S,FALSO,S,N,N,,,,,,,,02,BARES,WHISKYS,B,WHI,BEBIDAS,WHISKYS,8,18518.52,04,BEBIDAS,,,,,
700427,T.D. JOHNNIE WALKER DOUBLE BLACK,S,N,,25000,6822.24,0,388,COMEDO,N,N,WHISKYS,S,S,0,,S,FALSO,S,N,N,,,,,,,,02,BARES,WHISKYS,B,WHI,BEBIDAS,WHISKYS,8,23148.15,04,BEBIDAS,,,,,
700417,T.D. OLL PARD 12 A헲S 750 ML,S,N,,25000,5584.54,0,399,COMEDO,N,N,WHISKYS,S,S,0,,S,FALSO,S,N,N,,,,,,,,02,BARES,WHISKYS,B,WHI,BEBIDAS,WHISKYS,8,23148.15,04,BEBIDAS,,,24090101,,
700265,T.D. VODKA,S,N,,14000,1306.79,0,21136,COMEDO,N,N,VODKAS,S,S,0,,S,FALSO,S,N,N,,,,,,,,02,BARES,VODKAS,B,VOD,BEBIDAS,VODKAS,8,12962.96,04,BEBIDAS,,,,,
700433,T.S TANQUERAY GINEBRA,S,N,,15000,5406.79,0,21193,COMEDO,N,N,GINEBRAS,S,S,0,,S,FALSO,S,N,N,,,,,,,,02,BARES,GINEBRAS,B,GIN,BEBIDAS,GINEBRAS,8,13888.89,04,BEBIDAS,,,,,
700412,T.S. BUCHANANS 18 A헲S,S,N,,25000,14060.24,0,31667,COMEDO,N,N,WHISKYS,S,S,0,,S,FALSO,S,N,N,,,,,,,,02,BARES,WHISKYS,B,WHI,BEBIDAS,WHISKYS,8,23148.15,04,BEBIDAS,,,,,
700229,T.S. BUCHANANS DELUXE 12 A헲S,S,N,,15000,5251.19,0,392,COMEDO,N,N,WHISKYS,S,S,0,,S,FALSO,S,N,N,,,,,,,,02,BARES,WHISKYS,B,WHI,BEBIDAS,WHISKYS,8,13888.89,04,BEBIDAS,,,24090101,,
700230,T.S. BUCHANANS MASTER,S,N,,16000,7145.45,0,395,COMEDO,N,N,WHISKYS,S,S,0,,S,FALSO,S,N,N,,,,,,,,02,BARES,WHISKYS,B,WHI,BEBIDAS,WHISKYS,8,14814.81,04,BEBIDAS,,,24090101,,
700408,T.S. GINEBRA TANQUERAY,S,N,,15000,5406.79,0,21193,COMEDO,N,N,GINEBRAS,S,S,0,,S,FALSO,S,N,N,,,,,,,,02,BARES,GINEBRAS,B,GIN,BEBIDAS,GINEBRAS,8,13888.89,04,BEBIDAS,,,,,
700426,T.S. JOHNNIE WALKER DOUBLE BLACK,S,N,,15000,6822.24,0,388,COMEDO,N,N,WHISKYS,S,S,0,,S,FALSO,S,N,N,,,,,,,,02,BARES,WHISKYS,B,WHI,BEBIDAS,WHISKYS,8,13888.89,04,BEBIDAS,,,,,
700420,T.S. OLL PARD 12 A헲S,S,N,,15000,5584.54,0,399,COMEDO,N,N,WHISKYS,S,S,0,,S,FALSO,S,N,N,,,,,,,,02,BARES,WHISKYS,B,WHI,BEBIDAS,WHISKYS,8,13888.89,04,BEBIDAS,,,,,
700422,T.S. RON MEDELLIN,S,N,,5000,1634.54,0,20985,COMEDO,N,N,RONES,S,S,0,,S,FALSO,S,N,N,,,,,,,,02,BARES,RONES,B,RON,BEBIDAS,RONES,8,4629.63,04,BEBIDAS,,,,,
700424,T.S. SELLO NEGRO,S,N,,8000,6179.19,0,62486,COMEDO,N,N,WHISKYS,S,S,0,,S,FALSO,S,N,N,,,,,,,,02,BARES,WHISKYS,B,WHI,BEBIDAS,WHISKYS,8,7407.41,04,BEBIDAS,,,,,
700280,TANQUERAY GINEBRA 750 ML,B,N,,145000,105054.25,0,421,COMEDO,N,N,GINEBRAS,S,S,0,,S,FALSO,S,N,N,,,,,,,,02,BARES,GINEBRAS,B,GIN,BEBIDAS,GINEBRAS,8,134259.26,04,BEBIDAS,,,,,
BR0001,TARJETA RECARGABLE,U,N,,20000,0,19,No,COMEDO,N,S,SERVICIOS,N,S,0,,N,FALSO,S,N,N,,,,,,,,01,RESTAURANTES,SERVICIOS,E,SER,EVENTOS,SERVICIOS,0,20000,---,PREPARAR Y SERVIR,,,,,
700952,TE HATSU,B,N,,10000,3458.35,0,21479,COMEDO,N,N,BEBIDAS NO ALCOHOLICAS,N,S,0,,S,FALSO,S,N,N,,,,,,,,02,BARES,BEBIDAS NO ALCOHOLICAS,B,AYG,BEBIDAS,AGUAS Y GASEOSAS,8,9259.26,04,BEBIDAS,,,,,
700350,TEQUILA DON JULIO 700 ML,B,N,,590000,316056.17,0,42184,COMEDO,N,N,TEQUILAS,S,S,0,,N,FALSO,S,N,N,,,,,,,,02,BARES,TEQUILAS,B,TEQ,BEBIDAS,TEQUILAS,8,546296.3,04,BEBIDAS,,,,,
700262,TEQUILA JOSE CUERVO DORADO 750 ML,B,N,,120000,4139.6,0,20975,COMEDO,N,N,TEQUILAS,S,S,0,,S,FALSO,S,N,N,,,,,,,,02,BARES,TEQUILAS,B,TEQ,BEBIDAS,TEQUILAS,8,111111.11,04,BEBIDAS,,,,,
700263,TEQUILA JOSE CUERVO PLATA 750 ML,B,N,,120000,56437.7,0,20977,COMEDO,N,N,TEQUILAS,S,S,0,,S,FALSO,S,N,N,,,,,,,,02,BARES,TEQUILAS,B,TEQ,BEBIDAS,TEQUILAS,8,111111.11,04,BEBIDAS,,,,,
701047,TEQUILA RESERVA SILVER 750ML,B,N,,280000,163900,0,72991,COMEDO,N,N,TEQUILAS,N,S,0,,S,FALSO,S,N,N,,,,,,,,02,BARES,TEQUILAS,B,TEQ,BEBIDAS,TEQUILAS,8,259259.26,04,BEBIDAS,,,,,
700291,TINTO NESCAFE,V,N,,3000,1,0,73133,COMEDO,N,N,JUGOS,S,S,0,,S,FALSO,S,N,N,,,,,,,,02,BARES,JUGOS,B,JUG,BEBIDAS,JUGOS,8,2777.78,04,BEBIDAS,,,,,
700374,TORTA DE CHOCOLATE,U,N,,10000,5000,0,20894,COMEDO,N,N,POSTRES RESTAURANTE,N,S,0,,S,FALSO,S,N,N,,,,,,,,01,RESTAURANTES,POSTRES RESTAURANTE,A,POS,ALIMENTOS,POSTRES,8,9259.26,03,POSTRE,,,24090101,,
700674,V. ROSE MISION DE RENGO 750 ML,B,N,,80000,33672.4,0,457,COMEDO,N,N,VINOS ESPUMOSOS,N,S,0,,S,FALSO,S,N,N,,,,,,,,02,BARES,VINOS ESPUMOSOS,B,V,BEBIDAS,VINOS,8,74074.07,04,BEBIDAS,,,,,
700444,V.B COUSI헲 MACUL DON LUIS CHARDONY,B,N,,120000,71898.66,0,31617,COMEDO,N,N,VINOS BLANCOS,S,S,0,,S,FALSO,S,N,N,,,,,,,,02,BARES,VINOS BLANCOS,B,V,BEBIDAS,VINOS,8,111111.11,04,BEBIDAS,,,,,
700442,V.B COUSI헲 MACUL DON LUIS SAUVIGN,B,N,,120000,42899.66,0,31664,COMEDO,N,N,VINOS BLANCOS,S,S,0,,S,FALSO,S,N,N,,,,,,,,02,BARES,VINOS BLANCOS,B,V,BEBIDAS,VINOS,8,111111.11,04,BEBIDAS,,,,,
700273,V.B FINCA LAS MORAS CHARDONAY 750ML,B,N,,90000,40426,0,442,COMEDO,N,N,VINOS BLANCOS,S,S,0,,S,FALSO,S,N,N,,,,,,,,02,BARES,VINOS BLANCOS,B,V,BEBIDAS,VINOS,8,83333.33,04,BEBIDAS,,,,,
700477,V.B G.NEGRO SAN P.SAUVIGNO BLANC,B,N,,50000,34027.68,0,440,COMEDO,N,N,VINOS BLANCOS,S,S,0,,S,FALSO,S,N,N,,,,,,,,02,BARES,VINOS BLANCOS,B,V,BEBIDAS,VINOS,8,46296.3,04,BEBIDAS,,,,,
700445,V.B GATO NEGRO 187ML,B,N,,30000,17545.27,0,21320,COMEDO,N,N,VINOS BLANCOS,S,S,0,,S,FALSO,S,N,N,,,,,,,,02,BARES,VINOS BLANCOS,B,V,BEBIDAS,VINOS,8,27777.78,04,BEBIDAS,,,,,
700699,V.B GATONEGRO SAUVIGNONBLANC 750,B,N,,90000,36901,0,31597,COMEDO,N,N,VINOS BLANCOS,N,S,0,,S,FALSO,S,N,N,,,,,,,,02,BARES,VINOS BLANCOS,B,V,BEBIDAS,VINOS,8,83333.33,04,BEBIDAS,,,,,
700268,V.B HARMONIE SAUVIGNON 750 ML,B,N,,90000,46040.43,0,438,COMEDO,N,N,VINOS BLANCOS,S,S,0,,S,FALSO,S,N,N,,,,,,,,02,BARES,VINOS BLANCOS,B,V,BEBIDAS,VINOS,8,83333.33,04,BEBIDAS,,,,,
700652,V.B LAMBRUSCO DELL EMILIA,B,N,,90000,33900.17,0,21211,COMEDO,N,N,VINOS BLANCOS,N,S,0,,S,VERDADERO,S,N,N,,,,,,,,02,BARES,VINOS BLANCOS,B,V,BEBIDAS,VINOS,8,83333.33,04,BEBIDAS,,,,,
700475,V.B MI.DE RENGO SAUVIGNON/BLANC,B,N,,90000,35000,0,437,COMEDO,N,N,VINOS BLANCOS,S,S,0,,S,FALSO,S,N,N,,,,,,,,02,BARES,VINOS BLANCOS,B,V,BEBIDAS,VINOS,8,83333.33,04,BEBIDAS,,,,,
700476,V.B N.CORREA C.PRIV CHARDONNAY,B,N,,120000,63796.8,0,439,COMEDO,N,N,VINOS BLANCOS,S,S,0,,S,VERDADERO,S,N,N,,,,,,,,02,BARES,VINOS BLANCOS,B,V,BEBIDAS,VINOS,8,111111.11,04,BEBIDAS,,,,,
700651,V.B NAVARRO CORREA SAUVIGNON,B,N,,120000,63796.8,0,439,COMEDO,N,N,VINOS BLANCOS,N,S,0,,S,FALSO,S,N,N,,,,,,,,02,BARES,VINOS BLANCOS,B,V,BEBIDAS,VINOS,8,111111.11,04,BEBIDAS,,,,,
700947,V.B PICCINI LAMBRUSCO 750 ML,B,N,,90000,33900.17,0,21211,COMEDO,N,N,VINOS BLANCOS,N,S,0,,N,FALSO,S,N,N,,,,,,,,02,BARES,VINOS BLANCOS,B,V,BEBIDAS,VINOS,8,83333.33,04,BEBIDAS,,,,,
700480,V.B S.CAROLINA R.SAUVIG BLANC,B,N,,90000,42353,0,444,COMEDO,N,N,VINOS BLANCOS,S,S,0,,S,FALSO,S,N,N,,,,,,,,02,BARES,VINOS BLANCOS,B,V,BEBIDAS,VINOS,8,83333.33,04,BEBIDAS,,,,,
700474,V.B S.RITA 3M SAUVIG CHARDONNAY,B,N,,80000,21000,0,436,COMEDO,N,N,VINOS TINTOS,S,S,0,,S,FALSO,S,N,N,,,,,,,,02,BARES,VINOS TINTOS,B,V,BEBIDAS,VINOS,8,74074.07,04,BEBIDAS,,,,,
700478,V.B S.RITA RESER.SAUVIGNON  BLANC,B,N,,40000,34190.21,0,441,COMEDO,N,N,VINOS BLANCOS,S,S,0,,S,FALSO,S,N,N,,,,,,,,02,BARES,VINOS BLANCOS,B,V,BEBIDAS,VINOS,8,37037.04,04,BEBIDAS,,,,,
700485,V.B S.RITA RESERV ESP. 120 SAUVIG/B,B,N,,18000,11899.75,0,21321,COMEDO,N,N,VINOS BLANCOS,S,S,0,,S,FALSO,S,N,N,,,,,,,,02,BARES,VINOS BLANCOS,B,V,BEBIDAS,VINOS,8,16666.67,04,BEBIDAS,,,,,
700446,V.B SANTA RITA 120 X 375 ML,B,N,,35000,34190.21,0,441,COMEDO,N,N,VINOS BLANCOS,S,S,0,,S,FALSO,S,N,N,,,,,,,,02,BARES,VINOS BLANCOS,B,V,BEBIDAS,VINOS,8,32407.41,04,BEBIDAS,,,,,
700684,V.B SCAROLINA RESERVA SAUVIG 187 ML,B,N,,25000,11899.75,0,21321,COMEDO,N,N,VINOS BLANCOS,N,S,0,,S,FALSO,S,N,N,,,,,,,,02,BARES,VINOS BLANCOS,B,V,BEBIDAS,VINOS,8,23148.15,04,BEBIDAS,,,,,
700406,V.B TOLTEN SAUVIGNO 750 ML,B,N,,50000,28997,0,73329,COMEDO,N,N,VINOS BLANCOS,S,S,0,,S,FALSO,S,N,N,,,,,,,,02,BARES,VINOS BLANCOS,B,V,BEBIDAS,VINOS,8,46296.3,04,BEBIDAS,,,,,
700447,V.B VALDIVIESO 750 ML,B,N,,40000,25000,0,456,COMEDO,N,N,VINOS BLANCOS,S,S,0,,S,FALSO,S,N,N,,,,,,,,02,BARES,VINOS BLANCOS,B,V,BEBIDAS,VINOS,8,37037.04,04,BEBIDAS,,,,,
700232,V.E ANDRE BRUT 750 ML,B,N,,100000,38426.14,0,445,COMEDO,N,N,VINOS ESPUMOSOS,S,S,0,,S,VERDADERO,S,N,N,,,,,,,,02,BARES,VINOS ESPUMOSOS,B,V,BEBIDAS,VINOS,8,92592.59,04,BEBIDAS,,,,,
700791,V.E BARON ROT DEMISEC,B,N,,60000,25899.5,0,73167,COMEDO,N,N,VINOS ESPUMOSOS,N,S,0,,S,FALSO,S,N,N,,,,,,,,02,BARES,VINOS ESPUMOSOS,B,V,BEBIDAS,VINOS,8,55555.56,04,BEBIDAS,,,,,
700233,V.E BARON ROTHBERG BRUT 750 ML,B,N,,60000,28899.38,0,446,COMEDO,N,N,VINOS ESPUMOSOS,S,S,0,,S,FALSO,S,N,N,,,,,,,,02,BARES,VINOS ESPUMOSOS,B,V,BEBIDAS,VINOS,8,55555.56,04,BEBIDAS,,,,,
700269,V.E CASTILLO DE MOLINA ROSE 750 ML,B,N,,70000,50379,0,453,COMEDO,N,N,VINOS ESPUMOSOS,S,S,0,,S,FALSO,S,N,N,,,,,,,,02,BARES,VINOS ESPUMOSOS,B,V,BEBIDAS,VINOS,8,64814.81,04,BEBIDAS,,,,,
700234,V.E JP CHENET BRUT 750 ML,B,N,,120000,38426.14,0,445,COMEDO,N,N,VINOS ESPUMOSOS,S,S,0,,S,FALSO,S,N,N,,,,,,,,02,BARES,VINOS ESPUMOSOS,B,V,BEBIDAS,VINOS,8,111111.11,04,BEBIDAS,,,,,
700324,V.E JP CHENET DEMISEC,B,N,,120000,60102.73,0,449,COMEDO,N,N,VINOS ESPUMOSOS,S,S,0,,N,FALSO,S,N,N,,,,,,,,02,BARES,VINOS ESPUMOSOS,B,V,BEBIDAS,VINOS,8,111111.11,04,BEBIDAS,,,,,
700237,V.E JP CHENET ICE 750 ML,B,N,,120000,66534.34,0,450,COMEDO,N,N,VINOS ESPUMOSOS,S,S,0,,N,FALSO,S,N,N,,,,,,,,02,BARES,VINOS ESPUMOSOS,B,V,BEBIDAS,VINOS,8,111111.11,04,BEBIDAS,,,24090101,,
700235,V.E JP CHENET MERLOT 750 ML,B,N,,60000,36285,0,448,COMEDO,N,N,VINOS ESPUMOSOS,S,S,0,,S,FALSO,S,N,N,,,,,,,,02,BARES,VINOS ESPUMOSOS,B,V,BEBIDAS,VINOS,8,55555.56,04,BEBIDAS,,,,,
701037,V.E JP CHENET ROSE 200 ML,B,N,,40000,19899.7,0,72930,COMEDO,N,N,VINOS ESPUMOSOS,N,S,0,,S,FALSO,S,N,N,,,,,,,,02,BARES,VINOS ESPUMOSOS,B,V,BEBIDAS,VINOS,8,37037.04,04,BEBIDAS,,,,,
700236,V.E JP CHENET ROSE 750 ML,B,N,,120000,60102.73,0,449,COMEDO,N,N,VINOS ESPUMOSOS,S,S,0,,N,FALSO,S,N,N,,,,,,,,02,BARES,VINOS ESPUMOSOS,B,V,BEBIDAS,VINOS,8,111111.11,04,BEBIDAS,,,,,
700153,V.E LAMBRUSCO ROSATOBOTISELLO,B,N,,50000,26899.27,0,72905,COMEDO,N,N,VINOS BLANCOS,S,S,0,,S,FALSO,S,N,N,,,,,,,,02,BARES,VINOS BLANCOS,B,V,BEBIDAS,VINOS,8,46296.3,04,BEBIDAS,,,,,
700858,V.E MOELIA BRUT 750ML,B,N,,60000,39691,0,42193,COMEDO,N,N,VINOS ESPUMOSOS,N,S,0,,S,FALSO,S,N,N,,,,,,,,02,BARES,VINOS ESPUMOSOS,B,V,BEBIDAS,VINOS,8,55555.56,04,BEBIDAS,,,,,
700859,V.E MOELIA ROSE 750ML,B,N,,60000,37478.12,0,42194,COMEDO,N,N,VINOS ESPUMOSOS,N,S,0,,S,FALSO,S,N,N,,,,,,,,02,BARES,VINOS ESPUMOSOS,B,V,BEBIDAS,VINOS,8,55555.56,04,BEBIDAS,,,,,
700270,V.E NAVARRO CORREA EXTRA BRUT 750ML,B,N,,125000,49773.97,0,454,COMEDO,N,N,VINOS ESPUMOSOS,N,S,0,,S,VERDADERO,S,N,N,,,,,,,,02,BARES,VINOS ESPUMOSOS,B,V,BEBIDAS,VINOS,8,115740.74,04,BEBIDAS,,,,,
700473,V.T C.MACUL DON LUIS MERLOT,B,N,,90000,45566.18,0,21319,COMEDO,N,N,VINOS TINTOS,S,S,0,,S,VERDADERO,S,N,N,,,,,,,,02,BARES,VINOS TINTOS,B,V,BEBIDAS,VINOS,8,83333.33,04,BEBIDAS,,,,,
700467,V.T CASILLERO CABER/SAUVIG,B,N,,65000,43748.5,0,425,COMEDO,N,N,VINOS TINTOS,S,S,0,,S,FALSO,S,N,N,,,,,,,,02,BARES,VINOS TINTOS,B,V,BEBIDAS,VINOS,8,60185.19,04,BEBIDAS,,,,,
700650,V.T COUSI헲 MACUL DON LUIS CABERNET,B,N,,90000,44899.14,0,21318,COMEDO,N,N,VINOS TINTOS,N,S,0,,S,FALSO,S,N,N,,,,,,,,02,BARES,VINOS TINTOS,B,V,BEBIDAS,VINOS,8,83333.33,04,BEBIDAS,,,,,
700451,V.T COUSI헲 MACUL VIEJA RESERVA,B,N,,120000,46901,0,435,COMEDO,N,N,VINOS TINTOS,S,S,0,,S,FALSO,S,N,N,,,,,,,,02,BARES,VINOS TINTOS,B,V,BEBIDAS,VINOS,8,111111.11,04,BEBIDAS,,,,,
700482,V.T F.LAS MORAS MALBEC 750 ML,B,N,,90000,40448,0,31615,COMEDO,N,N,VINOS TINTOS,S,S,0,,S,FALSO,S,N,N,,,,,,,,02,BARES,VINOS TINTOS,B,V,BEBIDAS,VINOS,8,83333.33,04,BEBIDAS,,,,,
700795,V.T FINCA LAS MORAS MALBEC 375 ML,B,N,,60000,25899.27,0,31616,COMEDO,N,N,VINOS TINTOS,N,S,0,,N,FALSO,S,N,N,,,,,,,,02,BARES,VINOS TINTOS,B,V,BEBIDAS,VINOS,8,55555.56,04,BEBIDAS,,,,,
700484,V.T G.NEGRO CABERNET SEV 187ML,B,N,,25000,12757.28,0,31576,COMEDO,N,N,VINOS TINTOS,S,S,0,,S,FALSO,S,N,N,,,,,,,,02,BARES,VINOS TINTOS,B,V,BEBIDAS,VINOS,8,23148.15,04,BEBIDAS,,,,,
700471,V.T G.NEGRO S.PEDRO CAB/SA 375ML,B,N,,50000,21150.92,0,433,COMEDO,N,N,VINOS TINTOS,S,S,0,,S,FALSO,S,N,N,,,,,,,,02,BARES,VINOS TINTOS,B,V,BEBIDAS,VINOS,8,46296.3,04,BEBIDAS,,,,,
700469,V.T G.NEGRO S.PEDRO CABER/SAUVIG,B,N,,90000,42491.67,0,430,COMEDO,N,N,VINOS TINTOS,S,S,0,,S,FALSO,S,N,N,,,,,,,,02,BARES,VINOS TINTOS,B,V,BEBIDAS,VINOS,8,83333.33,04,BEBIDAS,,,,,
700497,V.T GATO NEGRO MALBEC 750 ML,B,N,,90000,39297.17,0,31796,COMEDO,N,N,VINOS TINTOS,S,S,0,,S,FALSO,S,N,N,,,,,,,,02,BARES,VINOS TINTOS,B,V,BEBIDAS,VINOS,8,83333.33,04,BEBIDAS,,,,,
700271,V.T GATO NEGRO SAN PEDRO MERLOT750M,B,N,,90000,43217.13,0,432,COMEDO,N,N,VINOS TINTOS,S,S,0,,S,VERDADERO,S,N,N,,,,,,,,02,BARES,VINOS TINTOS,B,V,BEBIDAS,VINOS,8,83333.33,04,BEBIDAS,,,,,
700443,V.T MALBEC LAS MORAS,B,N,,25000,12748.75,0,427,COMEDO,N,N,VINOS TINTOS,S,S,0,,S,VERDADERO,S,N,N,,,,,,,,02,BARES,VINOS TINTOS,B,V,BEBIDAS,VINOS,8,23148.15,04,BEBIDAS,,,,,
700486,V.T N.CORREA C.PRIV MALBEC 750 ML,B,N,,120000,70571.55,0,31618,COMEDO,N,N,VINOS TINTOS,S,S,0,,S,FALSO,S,N,N,,,,,,,,02,BARES,VINOS TINTOS,B,V,BEBIDAS,VINOS,8,111111.11,04,BEBIDAS,,,,,
700470,V.T N.CORREA C.PRIVADA CABER/SAUVIG,B,N,,120000,95000,0,431,COMEDO,N,N,VINOS TINTOS,S,S,0,,S,FALSO,S,N,N,,,,,,,,02,BARES,VINOS TINTOS,B,V,BEBIDAS,VINOS,8,111111.11,04,BEBIDAS,,,,,
700487,V.T N.CORREA COLECCI흁 PRIV 750 ML,B,N,,120000,70571.55,0,31618,COMEDO,N,N,VINOS TINTOS,S,S,0,,S,FALSO,S,N,N,,,,,,,,02,BARES,VINOS TINTOS,B,V,BEBIDAS,VINOS,8,111111.11,04,BEBIDAS,,,,,
700453,V.T NC COLECCION PRIVADA 750 ML,B,N,,120000,95000,0,431,COMEDO,N,N,VINOS TINTOS,S,S,0,,S,FALSO,S,N,N,,,,,,,,02,BARES,VINOS TINTOS,B,V,BEBIDAS,VINOS,8,111111.11,04,BEBIDAS,,,,,
700472,V.T S.CAROLINA CARMENERE/RESERV,B,N,,90000,33901.25,0,434,COMEDO,N,N,VINOS TINTOS,S,S,0,,S,FALSO,S,N,N,,,,,,,,02,BARES,VINOS TINTOS,B,V,BEBIDAS,VINOS,8,83333.33,04,BEBIDAS,,,,,
700468,V.T S.RITA M.REAL CABER/SAUVIG,B,N,,120000,78019.82,0,426,COMEDO,N,N,VINOS TINTOS,S,S,0,,S,FALSO,S,N,N,,,,,,,,02,BARES,VINOS TINTOS,B,V,BEBIDAS,VINOS,8,111111.11,04,BEBIDAS,,,,,
700489,V.T SANTA RITA CABERNET S 120X375ML,B,N,,35000,25899.27,0,31616,COMEDO,N,N,VINOS TINTOS,S,S,0,,S,VERDADERO,S,N,N,,,,,,,,02,BARES,VINOS TINTOS,B,V,BEBIDAS,VINOS,8,32407.41,04,BEBIDAS,,,,,
700490,V.T SANTA RITA CABERNET S 120X750 L,B,N,,85000,78019.82,0,426,COMEDO,N,N,VINOS TINTOS,S,S,0,,S,FALSO,S,N,N,,,,,,,,02,BARES,VINOS TINTOS,B,V,BEBIDAS,VINOS,8,78703.7,04,BEBIDAS,,,,,
700440,V.T SANTA RITA CABERNET S120X187ML,B,N,,25000,11322,0,93528,COMEDO,N,N,VINOS TINTOS,S,S,0,,S,FALSO,S,N,N,,,,,,,,02,BARES,VINOS TINTOS,B,V,BEBIDAS,VINOS,8,23148.15,04,BEBIDAS,,,,,
700741,V.T TERRA VEGA CABERNET SAUVIGNON,B,N,,50000,28157.03,0,73332,COMEDO,N,N,VINOS TINTOS,N,S,0,,S,FALSO,S,N,N,,,,,,,,02,BARES,VINOS TINTOS,B,V,BEBIDAS,VINOS,8,46296.3,04,BEBIDAS,,,,,
700698,V.T TERRA VEGA MALBEC  750 ML,B,N,,50000,29076.38,0,73330,COMEDO,N,N,VINOS TINTOS,N,S,0,,S,FALSO,S,N,N,,,,,,,,02,BARES,VINOS TINTOS,B,V,BEBIDAS,VINOS,8,46296.3,04,BEBIDAS,,,,,
700742,V.T TERRA VEGA MERLOT 750ML,B,N,,50000,28136.24,0,73331,COMEDO,N,N,VINOS TINTOS,N,S,0,,S,FALSO,S,N,N,,,,,,,,02,BARES,VINOS TINTOS,B,V,BEBIDAS,VINOS,8,46296.3,04,BEBIDAS,,,,,
700849,V.T TOLTEN CABERNET SAUVIGNON750,B,N,,50000,27472.9,0,42178,COMEDO,N,N,VINOS TINTOS,N,S,0,,S,VERDADERO,S,N,N,,,,,,,,02,BARES,VINOS TINTOS,B,V,BEBIDAS,VINOS,8,46296.3,04,BEBIDAS,,,,,
700498,V.T. NAVARRO CORREA MERLOT 750 ML,B,N,,120000,1,0,21316,COMEDO,N,N,VINOS TINTOS,S,S,0,,S,FALSO,S,N,N,,,,,,,,02,BARES,VINOS TINTOS,B,V,BEBIDAS,VINOS,8,111111.11,04,BEBIDAS,,,,,
700851,V.T. TOLTEN MERLOT 750ML,B,N,,50000,27207.67,0,42179,COMEDO,N,N,VINOS TINTOS,N,S,0,,S,FALSO,S,N,N,,,,,,,,02,BARES,VINOS TINTOS,B,V,BEBIDAS,VINOS,8,46296.3,04,BEBIDAS,,,,,
700315,VAINILLA,V,N,,5000,2750,0,73137,COMEDO,N,N,JUGOS,S,S,0,,S,FALSO,S,N,N,,,,,,,,02,BARES,JUGOS,B,JUG,BEBIDAS,JUGOS,8,4629.63,04,BEBIDAS,,,,,
900001,VIDEO BEAM,U,N,,70000,0,19,No,COMEDO,N,N,AUDIOVISUALES,N,S,0,,N,VERDADERO,N,N,N,,,,,,,,03,EVENTOS,AUDIOVISUALES,E,ALQ,EVENTOS,AUDIOVISUALES,0,70000,---,PREPARAR Y SERVIR,41552005,24080101,,,
700275,VODKA SMIRNOFF 700 ML,B,N,,110000,42200,0,381,COMEDO,N,N,VODKAS,S,S,0,,S,FALSO,S,N,N,,,,,,,,02,BARES,VODKAS,B,VOD,BEBIDAS,VODKAS,8,101851.85,04,BEBIDAS,,,,,
700779,VT.N.C.COLECCI흁 PRIVAD BLEND,B,N,,150000,85949,0,73407,COMEDO,N,N,VINOS TINTOS,S,S,0,,S,FALSO,S,N,N,,,,,,,,02,BARES,VINOS TINTOS,B,V,BEBIDAS,VINOS,8,138888.89,04,BEBIDAS,,,,,
700053,YUCA FRITA,P,N,,4000,2856.69,0,10690,COMEDO,N,N,ACOMPA헤MIENTOS Y/O ADICIONALES,S,S,0,,S,FALSO,S,N,N,,,,,,,,01,RESTAURANTES,ACOMPA헤MIENTOS Y/O ADICIONALES,A,AOA,ALIMENTOS,ACOMPA헤MIENTOS Y/O ADICIONALS,8,3703.7,02,PLATO FUERTE,,,,,
700312,ZUMO DE LIMON,U,N,,2000,735.2,0,21065,COMEDO,N,N,ACOMPA헤MIENTOS Y/O ADICIONALES,S,S,0,,S,VERDADERO,S,N,N,,,,,,,,01,RESTAURANTES,ACOMPA헤MIENTOS Y/O ADICIONALES,A,AOA,ALIMENTOS,ACOMPA헤MIENTOS Y/O ADICIONALS,8,1851.85,04,BEBIDAS,,,24090101,,
